task_age_days,priority_encoded,status_encoded,hours_in_current_status,status_changes_count,assignee_open_tasks,assignee_ontime_rate,comment_count,days_to_due_date,project_completion_rate,description_length,is_late
6.6,3,2,33.4,0,1,0.72,3,1.4,0.52,121,0
5.1,1,0,12.9,2,3,0.69,3,1.2,0.16,143,1
1.4,3,1,39.6,1,6,0.94,2,8.6,0.12,800,0
18.8,0,0,61.3,3,2,0.54,4,8.9,0.73,168,0
18.7,1,1,20.6,0,1,0.56,2,-0.5,0.89,317,1
13.0,2,3,7.9,4,1,0.9,2,3.3,0.9,90,0
15.6,1,3,118.7,1,2,0.52,2,8.7,0.27,220,0
4.3,2,1,36.5,2,3,0.81,2,-1.4,0.89,46,1
6.0,0,3,76.0,2,3,0.54,4,8.3,0.05,51,0
15.1,2,0,45.3,1,5,0.84,5,-5.3,0.7,79,1
1.3,1,0,102.1,3,6,0.68,3,6.5,0.84,263,0
15.3,2,1,13.0,5,6,0.91,3,-1.1,0.52,284,1
3.9,1,0,2.4,3,4,0.79,3,2.2,0.54,245,0
14.0,1,3,48.7,2,3,0.56,1,-10.0,0.6,201,1
1.6,1,2,25.7,2,2,0.84,4,8.2,0.11,89,0
23.4,0,3,12.4,0,6,0.79,4,18.4,0.73,39,0
9.4,2,1,81.8,1,2,0.81,5,0.4,0.54,124,1
27.2,1,0,6.1,2,2,0.75,6,0.3,0.75,167,0
7.6,3,0,24.9,0,1,0.8,3,6.6,0.94,33,0
10.7,3,1,36.2,3,2,0.95,3,8.7,0.33,322,0
14.9,0,3,62.7,4,1,0.85,2,5.1,0.42,77,0
25.0,2,3,205.5,4,3,0.94,1,18.4,0.52,364,0
10.9,2,1,5.7,0,4,0.47,3,13.9,0.9,48,1
32.3,1,1,22.6,2,2,0.68,2,1.8,0.21,36,0
2.5,1,0,16.8,2,3,0.91,1,25.0,0.38,131,0
17.5,0,1,45.5,3,3,0.82,1,7.7,0.66,300,0
9.3,0,1,32.3,2,3,0.64,1,1.3,0.21,428,1
2.0,1,1,145.9,0,5,0.83,2,-0.1,0.51,69,1
2.5,1,1,31.8,0,2,0.82,2,14.9,0.59,134,0
7.4,1,3,64.4,1,3,0.66,2,9.2,0.65,153,0
26.2,1,3,21.3,2,4,0.85,3,10.1,0.53,423,0
3.0,1,0,49.5,0,5,0.91,5,-2.5,0.87,177,1
7.1,1,3,6.5,3,6,0.78,3,6.4,0.58,111,0
5.9,2,0,15.1,3,3,0.77,3,-2.1,0.91,48,1
7.4,0,3,25.6,1,3,0.97,3,-3.4,0.21,376,1
36.1,1,1,37.7,1,3,0.87,2,-3.8,0.14,70,1
16.4,2,3,18.7,1,2,0.43,2,-6.5,0.61,114,1
10.6,1,1,107.2,1,5,0.97,3,1.7,0.07,462,1
2.5,1,1,29.6,2,0,0.72,2,9.1,0.09,52,0
17.1,0,2,10.6,1,4,0.83,0,10.9,0.1,143,0
11.9,1,3,4.6,0,4,0.79,2,5.4,0.22,160,0
16.8,2,2,42.9,2,3,0.82,1,-2.6,0.88,657,1
35.6,1,3,67.5,2,2,0.88,0,9.3,0.76,89,0
27.1,1,0,1.4,1,7,0.93,4,3.6,0.31,83,0
4.2,0,0,158.9,1,4,0.88,3,7.3,0.6,149,1
4.1,0,0,7.9,2,7,0.88,3,3.1,0.17,415,0
38.4,2,3,38.8,1,2,0.59,1,5.9,0.48,181,0
6.1,2,1,11.7,7,5,0.89,3,12.5,0.93,199,0
4.6,1,1,55.0,0,6,0.78,1,-8.5,0.61,28,1
25.6,3,3,50.4,0,1,0.89,3,9.5,0.67,64,0
14.7,2,1,109.0,0,5,0.79,1,-4.0,0.83,135,1
42.4,0,3,54.5,4,0,0.75,1,0.6,0.23,141,1
11.5,1,3,13.9,1,1,0.94,2,-1.7,0.27,797,0
2.8,1,2,44.1,1,2,0.82,1,13.9,0.23,52,0
2.3,1,2,1.7,1,7,0.71,3,-2.3,0.76,213,1
9.3,1,2,9.8,3,2,0.96,3,7.8,0.44,252,0
9.0,2,3,20.2,1,5,0.82,3,10.3,0.45,150,0
11.8,0,1,126.0,2,4,0.61,3,12.8,0.48,354,1
20.7,1,3,8.8,0,1,0.85,3,13.3,0.46,150,0
14.2,0,0,13.8,1,4,0.78,6,7.6,0.66,63,0
13.9,1,2,4.6,2,7,0.96,3,4.6,0.34,102,0
7.1,2,1,21.9,1,1,0.8,3,-5.1,0.57,157,1
12.2,2,3,46.1,1,1,0.83,0,4.5,0.14,139,0
5.0,1,3,28.4,2,2,0.93,1,-6.7,0.92,138,1
20.7,1,0,36.6,4,4,0.84,3,-0.7,0.58,53,1
17.0,2,0,4.1,0,4,0.49,4,8.4,0.57,77,0
2.0,0,3,8.2,1,1,0.77,4,15.8,0.94,215,0
16.7,1,0,30.2,2,2,0.91,3,6.6,0.81,152,0
12.7,0,3,5.4,3,2,0.6,6,2.5,0.84,384,0
19.7,1,0,19.1,1,4,0.93,2,1.1,0.07,46,0
40.6,1,3,20.9,1,2,0.95,0,4.3,0.1,968,0
15.3,3,0,6.0,0,1,0.78,4,-2.4,0.85,127,1
3.6,1,1,63.8,2,2,0.93,1,-2.0,0.54,129,1
23.3,0,1,6.4,2,6,0.95,1,5.3,0.62,213,0
28.1,1,2,3.0,1,3,0.88,0,-4.8,0.36,288,1
14.0,0,0,4.2,2,0,0.93,1,16.6,0.63,156,0
1.5,3,3,13.0,5,2,0.92,3,7.7,0.63,80,0
24.7,2,3,11.0,5,4,0.83,3,24.4,0.51,83,0
15.0,2,2,52.0,0,1,0.93,2,19.4,0.6,57,0
6.3,2,1,0.7,1,4,0.89,4,-5.3,0.68,20,1
12.6,1,3,4.0,3,6,0.66,4,-3.1,0.35,122,1
2.1,1,1,48.4,4,2,0.66,1,7.1,0.32,528,0
4.6,1,3,66.9,1,2,0.87,3,9.2,0.64,584,0
1.7,1,1,10.7,2,3,0.79,1,-8.1,0.86,23,1
14.1,3,1,99.9,0,4,0.66,3,2.6,0.28,362,1
10.9,1,0,71.3,1,2,0.69,3,13.2,0.51,315,0
19.5,1,1,7.0,2,4,0.71,1,5.4,0.64,330,0
41.1,1,1,12.7,4,5,0.82,1,9.9,0.22,423,0
8.0,1,0,77.6,3,5,0.84,2,3.9,0.71,57,0
10.3,2,1,23.4,2,3,0.89,4,2.7,0.81,134,0
2.6,2,1,42.2,0,2,0.72,2,-4.8,0.08,85,1
25.6,2,3,39.9,2,2,0.82,2,14.8,0.09,262,0
5.1,3,3,59.3,0,6,0.92,0,6.7,0.47,84,0
17.3,0,3,69.3,3,1,0.85,2,2.3,0.8,184,0
26.3,1,1,20.8,1,7,0.93,5,6.2,0.62,33,0
8.7,0,0,12.2,2,2,0.76,1,6.1,0.15,94,0
9.6,1,3,18.7,0,2,0.88,2,14.6,0.41,118,0
12.2,1,3,112.2,1,1,0.79,1,1.1,0.46,102,0
1.9,0,1,102.8,2,1,0.73,2,12.1,0.11,157,0
9.0,1,0,5.2,2,5,0.82,5,17.5,0.38,185,0
6.6,0,1,6.0,2,0,0.96,3,15.7,0.38,64,0
15.0,0,1,1.5,3,0,0.86,3,18.8,0.85,186,0
6.0,1,0,29.5,3,2,0.89,3,-0.9,0.45,197,1
62.1,2,2,30.8,1,1,0.78,3,3.1,0.76,78,0
26.2,3,0,22.9,4,3,0.66,4,8.3,0.82,124,0
12.8,3,0,23.8,3,3,0.66,3,12.9,0.73,283,0
23.4,1,0,24.6,0,2,0.84,0,4.9,0.91,153,0
9.3,2,2,2.4,0,2,0.7,2,4.4,0.93,186,0
2.6,2,1,22.0,2,6,0.84,1,13.1,0.62,30,0
1.0,1,0,12.1,1,1,0.93,2,15.0,0.33,300,0
29.9,1,3,3.9,2,2,0.77,4,15.9,0.75,205,0
9.3,1,1,8.9,1,1,0.75,3,8.4,0.66,188,0
13.7,2,1,37.8,2,3,0.96,0,7.0,0.39,94,0
7.2,1,1,0.9,3,5,0.47,1,10.7,0.31,287,0
6.6,0,1,37.9,2,5,0.91,2,-0.4,0.91,534,1
1.9,1,0,8.3,0,4,0.63,3,-2.1,0.85,241,1
39.0,1,0,25.5,1,4,0.84,0,-3.9,0.81,735,1
4.3,3,0,109.4,4,2,0.79,1,6.2,0.7,71,1
3.1,1,3,25.4,0,0,0.96,2,10.8,0.44,25,0
5.1,1,3,180.5,0,7,0.76,2,-6.6,0.88,39,1
1.5,0,0,73.1,2,4,0.84,2,13.4,0.58,57,0
3.8,0,0,102.3,3,4,0.96,0,8.6,0.17,281,0
44.4,1,1,13.5,1,6,0.68,1,-1.8,0.86,315,1
14.0,0,1,45.0,1,2,0.92,1,12.3,0.51,147,0
22.1,2,2,22.8,4,3,0.76,4,12.2,0.76,258,0
22.9,0,2,127.0,1,4,0.73,3,9.4,0.83,50,0
25.6,2,3,10.9,4,1,0.88,3,-2.8,0.11,295,1
14.9,1,0,17.4,4,2,0.78,0,-7.3,0.52,55,1
15.6,1,1,18.7,1,2,0.77,0,9.2,0.91,83,0
12.7,1,1,1.0,2,3,0.8,3,8.2,0.57,72,0
7.1,2,0,40.7,1,0,0.79,2,3.0,0.7,21,0
13.2,1,2,4.0,2,0,0.93,0,-1.0,0.46,257,1
2.0,3,3,59.4,3,4,0.85,3,12.1,0.76,129,0
7.7,1,2,99.6,0,3,0.91,2,6.0,0.42,211,0
3.1,0,0,39.8,3,2,0.98,5,10.3,0.37,146,0
10.7,1,0,71.0,4,3,0.82,0,3.6,0.7,257,0
2.0,0,0,80.2,1,1,0.95,2,10.8,0.91,192,0
7.7,1,2,44.1,1,4,0.91,2,-0.3,0.86,61,0
1.2,2,0,23.6,3,0,0.69,4,7.1,0.22,367,0
1.9,1,3,84.0,1,4,0.88,3,0.7,0.25,97,0
8.5,2,2,44.9,0,3,0.78,6,18.1,0.65,194,0
3.6,2,2,86.5,4,3,0.9,3,-2.1,0.22,34,1
21.7,2,3,11.9,3,2,0.84,4,-4.9,0.13,236,1
1.4,1,0,76.6,1,0,0.56,5,3.6,0.57,32,0
20.7,2,3,10.5,0,2,0.73,2,17.5,0.74,195,0
12.8,2,1,31.8,4,4,0.81,0,13.1,0.46,222,0
35.1,0,1,42.8,2,3,0.68,1,1.8,0.75,189,1
20.5,3,1,24.6,1,5,0.85,4,2.4,0.83,411,0
5.1,2,3,1.6,5,1,0.72,1,8.5,0.11,62,0
2.3,0,0,130.6,3,3,0.83,0,-4.4,0.24,318,1
25.0,0,0,24.4,2,2,0.93,1,12.3,0.33,331,0
8.4,2,1,40.1,3,5,0.94,3,2.1,0.23,564,0
3.3,1,1,24.7,1,3,0.69,2,-2.8,0.39,307,1
6.5,0,1,67.6,1,2,0.73,4,-10.7,0.13,139,1
31.4,0,1,8.9,2,3,0.54,0,3.1,0.23,94,1
30.0,1,1,2.4,0,3,0.96,1,3.6,0.6,79,0
20.4,1,3,5.3,2,3,0.73,1,16.4,0.08,606,0
12.3,2,1,68.3,4,1,0.73,2,17.8,0.45,74,0
33.9,0,1,95.5,0,1,0.78,6,-17.9,0.73,30,1
7.2,2,3,86.9,2,1,0.78,3,3.9,0.32,183,0
10.5,3,1,48.0,6,1,0.82,1,6.7,0.93,63,0
17.1,0,2,27.9,0,2,0.96,0,-0.9,0.67,130,1
4.5,1,1,63.0,2,3,0.92,2,-16.7,0.79,107,1
33.4,0,3,42.0,1,2,0.79,0,9.6,0.43,42,0
2.0,1,1,19.1,3,1,0.62,0,-0.9,0.41,56,1
1.5,1,0,76.6,1,7,0.61,4,1.5,0.8,159,1
6.7,3,1,67.4,2,2,0.88,4,9.4,0.75,75,1
15.0,0,3,7.7,1,3,0.71,1,2.2,0.14,23,0
4.2,0,3,132.9,0,4,0.98,1,16.5,0.76,85,0
44.7,1,1,45.0,2,1,0.74,3,9.8,0.46,94,0
1.6,1,1,15.2,2,4,0.91,0,-8.0,0.08,109,1
13.3,1,3,81.9,1,4,0.94,2,3.4,0.12,902,0
5.1,1,2,19.6,1,6,0.84,2,0.2,0.93,221,1
14.5,1,2,41.8,2,3,0.93,1,11.7,0.81,28,0
8.8,3,1,23.0,0,1,0.95,1,21.3,0.65,624,0
9.3,0,0,33.6,2,2,0.85,4,8.4,0.29,64,0
11.8,0,2,14.6,2,1,0.86,3,11.2,0.05,244,0
1.2,1,3,114.3,2,4,0.85,7,3.7,0.33,112,0
2.7,1,0,31.6,4,3,0.65,1,-2.1,0.92,40,1
10.4,0,0,4.5,2,2,0.91,5,12.7,0.63,132,0
10.8,1,3,1.3,1,5,0.67,1,4.9,0.92,105,0
3.1,2,3,22.1,1,3,0.52,4,-0.2,0.48,185,1
6.0,0,1,6.9,1,1,0.87,2,14.2,0.56,449,0
2.9,0,1,33.1,0,4,0.62,2,9.5,0.84,656,1
1.5,1,1,31.8,5,3,0.49,0,-0.7,0.59,438,1
8.0,0,3,63.5,3,7,0.64,0,21.5,0.59,279,0
2.0,1,0,7.8,1,1,0.86,1,7.0,0.56,398,0
10.8,3,0,4.2,0,3,0.82,1,0.3,0.94,227,1
36.7,0,1,29.6,0,0,0.73,1,-2.1,0.14,585,1
12.0,2,1,18.5,1,4,0.69,2,3.2,0.93,55,0
16.8,1,1,64.8,2,2,0.82,2,-13.9,0.17,51,1
14.3,1,1,16.4,2,3,0.75,3,4.7,0.77,259,0
2.7,1,1,33.4,1,0,0.83,3,-1.3,0.13,196,0
9.8,2,0,1.3,5,4,0.93,3,-2.5,0.13,53,1
5.0,1,3,1.0,4,3,0.77,3,7.6,0.26,429,0
24.5,1,2,10.3,3,4,0.67,1,14.4,0.65,255,0
9.4,1,1,37.8,2,3,0.79,2,8.1,0.36,31,0
4.4,1,3,75.5,4,6,0.7,2,1.1,0.65,270,1
15.7,2,2,11.0,1,1,0.84,3,14.4,0.51,186,0
22.2,2,0,66.2,3,2,0.68,2,17.6,0.75,109,0
6.5,1,1,27.0,3,2,0.7,2,19.6,0.79,208,0
4.6,2,1,14.4,4,1,0.76,0,10.2,0.7,495,0
9.6,1,1,35.5,1,0,0.65,5,2.4,0.75,131,0
53.0,2,0,28.3,2,2,0.76,1,1.6,0.33,69,0
5.1,1,1,75.6,2,2,0.87,2,-3.4,0.16,33,1
2.0,3,0,71.2,1,0,0.89,2,7.7,0.54,51,0
5.5,1,3,48.9,1,2,0.88,2,5.0,0.74,40,0
6.0,1,0,6.2,5,3,0.68,1,9.0,0.26,84,0
15.3,1,3,8.7,2,2,0.91,2,4.8,0.18,83,0
5.4,3,0,122.1,1,4,0.84,6,10.8,0.28,132,1
31.2,1,1,117.8,2,6,0.57,2,11.7,0.41,221,1
6.3,1,0,50.3,1,3,0.9,3,-14.7,0.16,61,1
10.6,0,2,33.5,4,2,0.73,3,1.6,0.83,36,1
3.4,1,0,44.6,2,1,0.71,5,7.5,0.1,253,0
10.1,1,2,7.0,4,4,0.37,3,-3.0,0.13,123,1
4.9,1,1,97.7,2,1,0.85,3,4.1,0.93,151,0
8.9,1,0,4.5,2,2,0.72,1,4.3,0.45,175,0
5.5,0,1,4.3,6,4,0.77,2,5.8,0.82,167,0
1.2,3,1,33.8,0,4,0.71,2,4.1,0.33,60,0
14.5,1,0,51.3,1,1,0.94,1,5.2,0.23,283,0
1.3,0,1,61.6,1,4,0.85,2,17.4,0.74,497,0
17.1,0,1,12.5,3,5,0.87,3,-2.8,0.26,30,1
3.2,1,1,2.6,2,5,0.5,3,16.2,0.87,247,0
25.0,1,1,18.1,2,2,0.73,2,4.3,0.92,149,0
24.4,1,0,5.5,2,1,0.71,2,9.9,0.46,242,0
5.0,0,0,1.3,1,3,0.81,4,13.5,0.6,490,0
8.2,1,3,6.0,1,3,0.8,1,-16.8,0.32,631,1
11.2,3,0,60.4,1,3,0.62,4,2.1,0.2,702,1
12.1,1,1,43.2,3,3,0.88,3,18.1,0.25,146,0
8.1,3,1,72.2,0,5,0.82,3,3.7,0.86,631,0
10.0,2,1,48.5,0,1,0.8,1,-10.0,0.93,115,1
50.1,1,2,45.8,1,2,0.63,3,2.6,0.91,33,0
12.6,1,0,12.8,1,3,0.84,2,11.9,0.75,371,0
14.9,1,0,44.0,0,4,0.9,4,-8.3,0.87,50,1
4.9,1,1,31.7,4,2,0.99,1,6.4,0.88,384,0
18.9,2,3,4.9,4,1,0.85,1,-0.4,0.67,305,0
2.4,1,3,63.9,1,1,0.93,4,1.1,0.71,77,0
4.7,1,3,1.4,5,4,0.88,4,12.8,0.43,133,0
9.9,0,3,16.6,2,3,0.88,4,6.9,0.65,329,0
26.2,1,1,8.2,0,3,0.95,1,-0.1,0.57,57,0
1.7,1,3,1.1,0,4,0.63,2,20.8,0.16,45,0
12.9,0,0,60.8,4,2,0.95,0,14.4,0.57,52,0
4.2,1,3,9.1,0,4,0.8,3,-1.1,0.94,82,1
11.0,1,3,11.6,1,6,0.82,1,-1.5,0.43,305,1
2.2,0,3,62.5,2,4,0.83,3,13.6,0.93,783,0
2.4,2,3,17.9,2,4,0.93,4,12.8,0.7,25,0
21.8,1,2,19.2,1,0,0.81,4,2.8,0.93,620,0
3.1,1,0,11.9,2,4,0.82,5,-0.2,0.38,202,1
1.9,1,1,201.4,3,5,0.86,2,17.5,0.18,21,0
1.2,1,1,26.8,0,4,0.69,3,9.1,0.45,140,0
3.7,1,1,196.2,2,6,0.74,4,-0.4,0.61,126,1
19.1,1,0,19.3,3,3,0.73,4,12.9,0.12,92,0
4.4,3,1,48.0,1,2,0.9,2,10.1,0.09,195,0
5.4,1,3,60.5,2,4,0.7,2,7.0,0.57,206,0
39.7,0,0,1.0,4,3,0.57,2,8.3,0.19,610,0
9.8,0,2,11.0,4,3,0.9,1,10.7,0.17,249,0
2.3,1,1,56.5,1,3,0.71,3,16.9,0.89,149,0
37.0,1,1,68.4,2,5,0.91,1,5.1,0.2,131,0
5.4,0,1,28.8,2,3,0.91,0,17.4,0.35,169,0
3.8,2,0,69.4,2,3,0.94,5,14.1,0.94,75,0
14.4,0,0,0.6,4,2,0.64,1,7.5,0.77,133,0
6.4,0,3,55.5,1,5,0.72,1,-4.9,0.49,114,1
52.7,0,0,2.5,1,4,0.9,2,10.7,0.32,46,0
2.9,2,2,55.5,2,3,0.55,2,-2.1,0.1,143,1
2.6,1,1,53.9,1,2,0.75,1,1.9,0.57,456,1
10.7,0,1,67.2,5,4,0.76,1,5.6,0.54,193,0
14.1,2,0,5.1,1,4,0.96,0,23.6,0.64,73,0
6.4,2,0,63.6,3,5,0.86,2,-1.5,0.75,125,1
9.0,2,1,21.6,1,5,0.85,1,7.5,0.54,100,0
2.0,0,3,19.4,1,0,0.62,2,-8.4,0.27,206,1
13.6,2,1,3.2,2,1,0.79,5,-6.8,0.47,129,1
11.5,1,0,25.7,4,1,0.8,2,3.9,0.62,166,0
17.3,1,1,3.8,4,5,0.87,2,13.5,0.41,59,0
7.6,1,3,52.2,3,2,0.96,5,6.7,0.29,23,0
1.4,1,1,125.3,1,6,0.47,3,-0.1,0.89,281,1
13.9,2,2,125.5,3,2,0.93,3,12.0,0.32,115,0
3.9,3,0,17.2,0,2,0.9,5,10.2,0.77,147,0
4.2,2,2,142.7,0,2,0.66,2,5.0,0.65,414,0
8.4,1,0,59.3,2,2,0.92,1,12.4,0.38,29,0
17.9,3,0,14.6,1,2,0.48,0,7.7,0.88,76,1
6.6,1,3,102.9,1,3,0.9,3,3.4,0.88,176,0
11.9,1,3,27.2,0,3,0.78,1,1.9,0.5,252,0
7.3,1,1,61.9,1,4,0.59,2,18.7,0.76,142,0
28.0,1,1,82.9,3,3,0.79,2,16.0,0.85,274,0
5.8,2,0,5.5,2,1,0.73,2,2.7,0.67,22,0
6.6,1,1,3.2,2,6,0.85,6,12.1,0.79,370,0
7.4,0,1,9.9,2,3,0.82,3,7.8,0.9,20,0
4.3,3,0,4.8,4,2,0.97,0,15.8,0.57,1305,0
5.1,1,0,7.0,4,2,0.73,4,3.8,0.5,88,0
16.7,2,3,59.4,3,3,0.81,0,4.1,0.47,122,0
17.1,1,1,14.2,1,0,0.63,7,1.8,0.24,222,1
7.2,3,0,26.3,2,2,0.93,0,6.8,0.07,91,0
12.9,1,3,36.7,0,3,0.94,2,-6.3,0.82,122,1
3.6,0,3,11.6,1,4,0.81,6,-0.2,0.26,60,1
1.5,1,1,2.4,2,3,0.89,4,8.6,0.6,27,0
7.2,1,2,37.1,1,3,0.93,3,18.1,0.17,66,0
26.7,0,3,23.6,1,6,0.86,2,3.0,0.23,185,0
7.4,1,1,50.2,2,5,0.99,2,20.4,0.87,96,0
12.7,0,0,64.6,2,1,0.86,1,14.9,0.27,34,0
6.3,2,1,61.6,4,3,0.97,3,15.0,0.41,206,0
3.0,3,1,47.6,0,5,0.76,6,2.6,0.5,50,0
3.4,1,1,35.6,0,3,0.86,3,15.5,0.33,36,0
2.1,3,2,5.4,3,2,0.61,3,4.6,0.22,151,0
29.6,2,0,43.0,2,4,0.91,2,19.7,0.83,197,0
14.3,0,3,5.6,3,4,0.73,3,20.2,0.68,243,0
24.6,1,1,10.5,2,2,0.95,4,6.3,0.59,167,0
9.0,1,0,60.8,1,4,0.75,2,4.3,0.2,75,0
9.5,0,2,30.5,4,1,0.74,0,-10.2,0.48,190,1
25.4,2,1,62.1,1,2,0.82,4,1.0,0.09,249,1
8.1,1,0,40.4,0,2,0.99,2,14.2,0.32,37,0
18.0,1,1,2.5,0,3,0.83,0,5.9,0.19,709,0
3.1,1,1,37.2,0,3,0.92,2,6.9,0.45,555,0
4.4,1,1,44.2,0,2,0.95,3,9.7,0.9,110,0
15.2,1,1,11.7,2,2,0.94,5,15.4,0.48,104,0
9.2,1,0,83.7,2,2,0.5,1,6.3,0.67,90,1
2.2,3,1,20.3,1,3,0.63,3,8.9,0.43,126,0
4.5,2,1,28.7,1,2,0.54,1,14.7,0.65,80,0
8.4,0,0,1.3,2,1,0.76,3,-0.5,0.53,123,1
4.7,1,3,245.9,2,4,0.92,3,6.3,0.41,143,0
1.2,2,1,15.6,0,4,0.77,2,11.2,0.54,342,0
2.6,0,1,105.8,1,4,0.92,2,6.8,0.55,254,0
6.3,1,1,29.1,2,1,0.87,2,7.1,0.2,28,0
19.1,1,3,44.3,3,3,0.87,1,13.8,0.88,30,0
1.5,1,1,6.3,1,5,0.92,2,9.5,0.7,425,0
2.5,3,0,0.9,3,4,0.54,2,3.4,0.34,265,1
43.6,1,3,30.5,0,7,0.55,0,14.6,0.1,24,0
5.9,1,1,7.0,2,2,0.77,3,16.4,0.5,99,0
4.9,1,2,74.2,2,6,0.86,3,3.3,0.58,514,0
14.6,1,2,15.7,3,1,0.87,1,-4.4,0.45,33,1
38.0,1,3,20.5,3,3,0.87,1,11.6,0.24,216,0
12.1,0,2,13.4,2,3,0.72,4,-0.1,0.4,244,1
13.9,1,1,17.6,0,4,0.91,1,5.9,0.36,484,0
1.3,1,1,9.4,3,2,0.82,2,4.7,0.26,150,0
4.5,3,3,30.6,1,5,0.75,2,23.9,0.67,106,0
11.1,1,0,23.0,4,0,0.95,3,3.6,0.1,59,0
1.1,1,1,130.7,1,1,0.75,1,5.5,0.54,413,0
2.3,2,0,18.5,1,3,0.88,3,12.6,0.09,891,0
2.7,2,1,24.9,3,0,0.94,3,11.3,0.83,286,0
3.2,2,3,33.2,1,2,0.98,2,8.8,0.71,503,0
37.0,0,2,2.6,4,0,0.7,1,13.3,0.93,202,0
3.1,3,1,6.5,4,2,0.91,4,0.2,0.3,62,0
8.3,3,0,46.4,1,4,0.81,3,24.6,0.46,424,0
9.3,2,3,19.5,1,4,0.63,1,2.8,0.93,721,0
1.5,2,1,4.3,1,2,0.8,2,-4.8,0.9,53,1
41.5,0,1,15.1,2,5,0.5,1,8.5,0.64,561,0
16.7,0,3,72.0,3,2,0.93,2,5.0,0.72,284,0
14.1,1,1,47.8,1,3,0.86,4,10.0,0.41,617,0
2.5,2,2,17.4,1,3,0.77,3,-0.9,0.43,138,1
1.6,2,1,8.3,3,3,0.8,3,1.2,0.35,61,0
14.6,1,1,3.0,1,4,0.87,1,2.1,0.55,105,0
5.5,1,2,74.3,1,4,0.95,2,7.0,0.54,238,0
3.0,2,2,1.4,1,7,0.77,3,3.9,0.22,275,1
15.3,1,0,3.1,3,2,0.57,1,-7.9,0.12,148,1
12.5,1,0,64.0,2,1,0.89,2,-2.2,0.08,187,1
25.2,2,3,25.1,0,3,0.79,4,14.9,0.9,139,0
10.7,0,1,124.5,2,3,0.94,2,7.8,0.19,321,0
8.2,1,3,21.8,2,2,0.96,2,16.6,0.51,53,0
9.1,3,1,33.0,0,3,0.76,6,19.2,0.24,20,0
6.7,1,3,16.0,1,1,0.8,1,9.5,0.06,45,0
5.4,0,0,32.4,0,4,0.95,2,1.3,0.67,169,0
2.5,2,1,104.9,0,6,0.78,0,-15.7,0.25,79,1
25.8,2,0,38.3,2,5,0.88,1,1.6,0.89,57,0
5.6,1,1,12.4,1,1,0.86,4,9.7,0.91,482,0
8.2,1,0,20.5,1,5,0.79,2,17.7,0.84,178,0
13.9,1,1,59.0,1,2,0.97,0,-6.6,0.58,286,1
28.3,2,3,24.4,4,3,0.82,1,2.0,0.29,283,0
8.6,2,3,26.4,2,5,0.92,2,20.5,0.42,229,0
7.5,3,3,4.5,3,0,0.55,3,6.1,0.67,221,0
20.3,1,2,33.9,2,3,0.89,2,11.6,0.38,127,0
3.0,2,1,19.6,0,4,0.83,0,-3.0,0.34,47,1
2.9,0,3,7.5,2,1,0.91,1,-4.4,0.52,187,0
8.6,1,3,63.9,1,4,0.9,6,13.2,0.33,272,0
16.5,1,0,16.3,1,3,0.84,3,4.5,0.1,150,0
2.3,0,0,34.4,1,3,0.83,3,-5.8,0.77,302,1
3.2,1,1,29.7,2,4,0.6,3,-4.3,0.65,427,1
7.2,0,1,5.4,2,6,0.92,4,-4.4,0.57,95,1
13.6,1,1,11.4,1,3,0.77,4,7.2,0.71,506,0
1.6,3,1,1.6,2,1,0.89,2,25.0,0.68,117,0
6.2,3,0,40.6,0,2,0.95,1,1.6,0.34,319,1
15.4,1,0,12.0,3,2,0.88,6,10.2,0.94,257,0
3.9,0,1,26.5,3,0,0.87,2,8.5,0.93,110,0
14.2,1,2,3.8,2,5,0.95,0,10.5,0.56,94,0
23.9,1,3,11.6,2,5,0.93,2,11.3,0.7,205,0
13.2,1,0,43.4,4,2,0.92,3,6.5,0.7,123,0
5.3,1,1,31.7,1,1,0.96,2,13.0,0.39,169,0
15.9,1,3,22.3,1,3,0.83,5,5.6,0.33,174,0
31.7,2,3,18.5,2,1,0.74,5,9.8,0.23,94,0
5.8,0,1,141.2,1,1,0.79,1,21.2,0.89,105,0
5.7,2,0,12.9,0,5,0.87,7,-10.2,0.92,116,1
37.1,1,2,27.0,2,4,0.86,2,10.5,0.42,161,0
2.7,1,0,5.4,3,7,0.97,0,-1.5,0.12,77,1
20.2,1,0,20.7,1,4,0.72,6,9.2,0.48,506,0
14.9,2,1,86.8,1,1,0.65,1,6.6,0.58,156,0
32.5,1,3,17.9,2,4,0.55,5,5.7,0.46,60,0
4.4,1,3,14.8,1,3,0.67,2,9.9,0.31,86,0
16.3,1,1,28.5,0,1,0.88,4,8.0,0.51,163,0
36.6,3,3,58.7,1,5,0.93,2,10.1,0.38,165,0
3.8,2,2,20.7,2,3,0.48,3,2.2,0.46,221,0
18.2,0,3,50.8,3,3,0.86,4,8.5,0.31,146,0
11.4,2,0,2.3,1,4,0.75,4,-7.7,0.54,556,1
1.1,0,1,24.6,0,3,0.97,2,2.1,0.65,272,0
1.9,1,1,27.5,3,5,0.82,2,9.8,0.7,67,0
8.8,0,3,45.8,1,3,0.83,3,-5.2,0.71,140,1
8.5,2,3,8.8,5,1,0.83,1,-12.2,0.63,132,1
38.5,1,1,48.4,3,2,0.59,3,25.2,0.7,155,0
12.3,3,2,3.3,2,4,0.93,1,-10.4,0.58,57,1
8.6,1,0,6.2,0,4,0.57,4,9.8,0.67,157,0
12.6,2,1,63.2,1,1,0.56,0,-1.5,0.25,77,1
2.7,3,3,7.7,1,3,0.9,2,-5.2,0.07,286,1
21.2,1,0,48.6,2,6,0.87,2,0.6,0.83,28,1
15.3,0,2,12.6,2,1,0.97,4,6.1,0.23,80,0
4.1,1,1,104.9,1,3,0.63,3,-0.8,0.68,108,1
11.4,3,0,26.0,2,4,0.58,3,2.9,0.55,67,1
20.9,2,0,45.8,2,0,0.82,2,-10.1,0.48,144,1
3.2,2,3,22.8,2,3,0.71,4,1.2,0.33,202,0
15.0,2,1,1.8,2,3,0.78,7,7.1,0.74,94,0
19.9,1,1,192.4,2,5,0.8,1,6.0,0.29,149,1
13.4,1,3,55.8,1,7,0.73,3,0.2,0.37,202,0
9.2,2,1,28.2,4,2,0.79,4,-1.3,0.42,359,1
9.4,1,3,2.6,3,2,0.57,1,6.3,0.44,59,0
3.8,1,0,2.7,2,4,0.67,2,7.2,0.78,248,0
16.2,2,3,2.0,0,2,0.71,1,3.3,0.35,449,0
34.5,0,0,1.6,1,4,0.8,1,3.4,0.48,223,0
34.5,0,0,39.5,1,3,0.93,1,18.6,0.72,274,0
11.6,1,1,29.2,3,2,0.95,5,4.1,0.87,387,0
5.2,0,3,22.0,1,5,0.96,3,-3.0,0.63,279,1
16.7,3,1,25.7,0,0,0.86,0,2.3,0.87,21,0
30.2,2,2,40.7,0,7,0.81,2,-5.9,0.73,778,1
29.1,1,1,23.8,3,1,0.92,7,2.6,0.93,77,0
1.7,3,1,29.8,2,4,0.79,4,-2.5,0.2,664,1
5.9,2,0,11.4,1,2,0.91,1,5.9,0.13,272,0
1.9,2,1,68.0,3,2,0.82,1,-0.7,0.47,485,1
19.2,2,1,70.8,2,1,0.92,5,2.5,0.87,44,0
9.3,1,1,5.9,1,1,0.49,3,-2.8,0.63,142,1
12.9,1,0,79.5,2,2,0.87,1,-1.2,0.76,52,1
45.7,1,0,30.9,3,2,0.8,2,3.1,0.51,92,0
20.3,1,3,15.1,2,2,0.81,3,4.8,0.66,225,0
1.5,1,1,13.9,2,3,0.88,4,14.5,0.15,120,0
2.9,1,0,14.2,4,1,0.8,3,7.4,0.87,86,0
8.8,1,2,8.1,1,1,0.93,4,-5.9,0.67,52,0
7.5,1,3,5.4,1,6,0.91,1,8.6,0.76,105,0
27.2,3,3,0.6,2,5,0.92,5,5.8,0.85,58,0
10.5,0,2,25.8,2,2,0.81,3,-6.5,0.31,520,1
2.0,1,1,8.0,2,4,0.9,2,23.5,0.46,96,0
24.0,3,1,45.8,2,8,0.78,3,33.2,0.43,100,0
11.2,2,3,5.6,2,1,0.8,1,-2.5,0.81,21,1
5.7,1,0,10.2,0,3,0.74,3,1.0,0.16,166,0
13.5,1,2,28.8,5,3,0.66,1,1.3,0.56,137,0
17.1,2,3,19.5,3,5,0.83,2,12.5,0.26,28,0
32.7,1,2,67.7,1,6,0.54,1,-4.6,0.86,312,1
12.8,1,1,71.2,3,2,0.82,6,12.4,0.36,108,0
25.9,0,0,16.4,2,5,0.91,5,11.7,0.56,424,0
3.9,0,3,68.2,6,5,0.84,1,14.1,0.27,239,0
1.2,2,3,34.8,1,4,0.88,2,5.4,0.91,58,0
8.8,2,1,7.8,1,3,0.91,4,8.7,0.31,59,0
9.5,2,2,18.6,2,5,0.86,1,18.3,0.75,66,0
11.4,2,3,22.1,0,4,0.83,1,0.2,0.42,239,0
11.6,1,1,33.2,2,2,0.68,5,11.3,0.25,21,0
19.5,1,3,5.5,1,3,0.9,4,2.0,0.8,240,0
3.7,1,1,2.5,1,2,0.82,1,15.4,0.28,147,0
27.5,2,1,69.9,2,5,0.68,3,-5.5,0.78,187,1
2.4,1,0,126.2,0,3,0.96,2,11.0,0.14,504,0
6.9,1,1,43.2,0,2,0.64,0,-6.6,0.24,44,1
11.7,2,2,34.3,2,2,0.63,0,4.7,0.15,143,0
16.1,1,1,1.4,1,6,0.95,1,3.7,0.07,195,0
5.6,1,2,2.7,3,2,0.89,3,14.4,0.49,98,0
13.9,0,1,106.0,1,7,0.92,0,-1.8,0.09,387,1
12.4,2,1,74.1,3,3,0.79,4,8.6,0.84,484,0
7.1,3,2,2.0,3,3,0.73,4,11.2,0.68,484,0
16.0,0,1,19.3,1,4,0.79,2,12.6,0.13,29,0
10.1,1,3,17.0,0,3,0.84,4,-6.3,0.63,569,1
5.5,2,3,47.8,4,3,0.46,0,17.0,0.44,171,0
17.4,1,1,36.7,0,6,0.75,6,20.9,0.74,23,0
6.1,2,3,1.3,2,4,0.95,3,-3.2,0.24,139,1
15.2,3,1,33.5,2,6,0.72,1,-4.9,0.61,44,1
5.8,1,3,9.8,3,3,0.73,0,0.1,0.8,71,0
8.0,0,1,52.6,2,5,0.91,3,9.8,0.26,393,0
3.5,2,1,16.1,3,4,0.78,2,10.2,0.7,425,0
33.4,1,0,3.9,1,2,0.79,2,11.5,0.84,60,0
8.0,2,1,14.3,2,0,0.8,2,-0.8,0.15,24,1
1.8,0,1,23.0,5,4,0.85,1,-8.8,0.8,47,1
3.2,1,1,7.6,2,3,0.82,0,4.2,0.3,183,0
2.4,3,3,32.6,3,4,0.87,3,17.0,0.23,119,0
5.0,1,0,61.7,2,4,0.95,1,15.5,0.84,118,0
3.6,1,1,18.8,0,1,0.97,4,0.1,0.9,155,0
2.3,2,0,23.7,1,8,0.89,3,-5.9,0.83,54,1
7.1,3,0,20.3,3,2,0.92,0,11.3,0.24,1197,0
3.4,1,2,14.1,3,2,0.59,4,1.7,0.54,29,1
88.8,1,3,41.1,2,3,0.63,3,8.4,0.69,367,1
22.9,1,2,128.5,0,3,0.54,2,7.4,0.48,127,1
35.8,1,3,7.7,4,4,0.62,1,14.4,0.5,39,0
2.1,1,3,6.4,4,5,0.8,3,14.5,0.77,150,0
6.8,2,3,59.5,2,1,0.82,1,8.7,0.76,89,0
1.8,0,0,3.2,2,6,0.8,4,24.6,0.14,98,0
21.2,1,1,3.3,1,7,0.88,2,15.6,0.35,48,0
1.5,1,1,35.0,1,1,0.89,2,5.5,0.56,286,0
5.9,1,3,83.9,0,2,0.79,4,-1.9,0.67,114,1
1.9,2,1,13.9,0,5,0.86,4,11.4,0.69,82,0
5.4,3,3,7.0,0,1,0.5,2,6.9,0.78,348,0
2.4,1,0,20.8,1,1,0.92,1,0.3,0.54,371,0
10.9,2,2,40.0,4,1,0.88,2,-4.7,0.41,55,1
60.8,3,0,47.1,0,0,0.79,2,2.8,0.73,86,0
7.9,2,3,12.9,2,1,0.85,1,6.2,0.75,37,0
49.2,0,3,61.1,2,4,0.69,1,1.4,0.78,521,1
1.3,1,2,156.6,1,8,0.87,3,2.4,0.16,144,1
1.8,2,2,5.2,0,7,0.73,8,11.6,0.14,719,0
1.0,0,1,10.3,2,2,0.89,1,4.6,0.27,373,0
10.6,2,3,5.6,0,9,0.48,2,-1.9,0.61,50,1
24.6,1,3,23.2,1,0,0.75,1,2.9,0.89,88,0
2.0,1,3,27.6,3,6,0.93,2,5.2,0.5,94,0
10.4,1,3,29.8,1,4,0.92,5,-0.1,0.16,169,1
33.0,1,1,136.7,2,3,0.85,3,-4.8,0.24,33,1
11.0,1,1,12.0,1,3,0.6,3,15.9,0.81,276,0
3.5,0,2,11.7,2,5,0.73,3,8.7,0.3,41,0
18.3,1,0,69.3,3,2,0.82,1,1.5,0.66,183,1
3.0,1,2,29.0,1,5,0.6,2,15.1,0.3,417,0
1.9,2,2,34.8,2,3,0.91,3,9.3,0.74,32,0
4.2,1,1,172.6,3,2,0.71,1,5.4,0.55,76,0
2.4,1,1,125.1,4,3,0.69,3,11.4,0.55,157,0
2.3,2,1,1.9,2,4,0.71,3,17.9,0.43,82,0
5.2,0,0,20.6,3,3,0.84,3,10.9,0.91,54,0
14.7,1,1,42.0,1,1,0.84,3,5.5,0.15,457,0
51.9,2,3,15.6,0,3,0.89,2,-4.3,0.76,31,1
24.2,1,1,28.2,2,3,0.73,3,1.7,0.1,110,0
30.1,2,0,45.7,2,4,0.69,6,5.5,0.19,158,0
10.0,1,1,239.7,0,1,0.81,1,8.9,0.15,173,0
46.7,1,0,23.1,3,3,0.84,1,11.3,0.6,460,0
4.2,0,0,26.0,4,0,0.66,2,10.2,0.94,290,0
5.2,1,0,5.8,3,3,0.92,3,-0.6,0.4,31,1
4.1,2,3,8.9,1,3,0.8,2,2.8,0.94,50,0
19.9,1,1,155.1,2,3,0.81,1,2.4,0.33,49,0
11.4,2,2,11.1,0,1,0.83,3,13.8,0.6,156,0
14.8,1,3,32.2,2,4,0.72,1,-7.8,0.08,160,1
6.9,0,3,89.3,2,3,0.81,1,20.0,0.55,78,0
8.6,1,3,22.1,4,0,0.89,0,17.0,0.82,528,0
5.4,1,1,89.1,3,1,0.66,4,-3.4,0.23,232,1
30.9,1,0,12.6,1,2,0.87,3,10.0,0.34,39,0
1.9,0,1,2.4,2,5,0.95,2,18.4,0.51,322,0
16.4,1,0,65.6,1,4,0.79,1,9.8,0.55,43,0
2.4,0,2,45.3,0,3,0.82,2,14.8,0.21,73,0
8.6,1,1,92.9,3,3,0.7,1,7.3,0.8,104,0
25.9,1,1,6.4,2,5,0.69,2,6.4,0.48,225,0
28.3,0,1,28.7,1,4,0.86,3,3.8,0.79,333,0
4.2,1,1,33.2,2,1,0.85,1,-3.1,0.6,507,1
3.6,2,0,17.4,0,2,0.81,1,11.5,0.56,129,0
2.9,1,1,103.7,1,4,0.84,2,6.2,0.41,152,1
19.1,1,0,32.2,3,2,0.78,4,4.1,0.33,572,0
19.4,2,1,7.1,2,3,0.73,9,6.0,0.4,190,0
1.7,1,3,9.1,3,6,0.96,0,1.7,0.3,221,0
17.9,1,1,27.5,2,4,0.71,0,2.2,0.1,68,0
7.7,2,2,10.3,3,3,0.91,2,5.9,0.07,450,0
9.8,0,0,17.9,4,1,0.75,3,21.8,0.72,55,0
39.3,1,3,28.5,5,1,0.88,1,6.8,0.53,125,0
22.1,1,2,111.0,3,7,0.61,2,15.8,0.6,167,0
30.5,2,1,71.9,1,7,0.91,4,-2.4,0.15,447,1
73.6,0,0,14.9,1,3,0.5,1,-1.1,0.44,176,1
9.9,1,1,115.3,1,1,0.74,2,-2.1,0.6,115,1
13.7,3,3,0.7,1,3,0.89,3,4.6,0.87,47,0
11.8,1,0,14.3,0,3,0.41,3,3.8,0.13,28,0
2.4,0,1,68.6,5,2,0.63,5,4.3,0.82,222,0
3.2,0,3,1.7,1,7,0.94,1,15.9,0.07,222,0
4.2,2,3,118.5,1,4,0.94,2,0.5,0.14,96,1
3.5,2,1,40.2,3,4,0.94,5,-4.7,0.55,585,1
26.3,1,1,10.1,1,1,0.84,1,-5.9,0.53,344,1
12.5,1,1,94.9,2,3,0.83,3,21.9,0.1,142,0
5.2,1,3,7.8,1,5,0.9,4,6.6,0.86,74,0
13.4,0,2,1.8,3,3,0.69,3,-0.2,0.56,433,1
43.0,1,3,3.7,0,4,0.94,1,7.6,0.48,28,0
54.1,2,1,23.4,1,4,0.78,5,1.3,0.75,74,1
5.8,0,3,12.9,3,7,0.69,3,3.6,0.8,23,0
57.0,1,3,7.8,3,4,0.63,0,8.2,0.44,380,0
1.1,1,0,55.2,3,3,0.92,1,-1.8,0.64,52,1
1.7,0,3,29.4,2,4,0.36,2,14.8,0.8,79,0
2.0,3,1,18.5,1,4,0.88,3,10.2,0.78,63,0
20.5,1,0,51.7,0,1,0.97,2,6.4,0.53,293,0
5.5,1,3,40.6,0,1,0.63,1,-0.1,0.43,475,1
26.4,1,1,29.6,1,2,0.54,3,-2.0,0.17,140,1
7.6,0,0,24.2,2,3,0.69,4,16.0,0.48,206,0
12.4,2,2,26.9,2,0,0.82,1,6.6,0.11,286,0
15.0,1,3,21.6,3,0,0.58,6,8.3,0.31,304,0
1.5,2,0,36.4,0,3,0.8,1,-6.6,0.93,306,1
7.4,0,3,5.2,1,3,0.91,5,-4.2,0.91,300,1
16.4,0,3,63.8,0,2,0.75,4,-1.5,0.26,58,1
11.3,1,3,7.8,1,1,0.77,3,8.1,0.89,113,0
19.8,2,3,1.0,1,3,0.75,9,5.8,0.77,44,0
4.8,1,0,59.5,0,2,0.88,1,18.4,0.27,141,0
1.9,0,1,18.8,0,8,0.67,2,-3.3,0.18,177,1
51.4,0,1,73.8,0,4,0.89,3,0.5,0.63,404,1
7.2,0,1,15.8,3,2,0.77,5,12.4,0.16,613,0
2.6,1,3,35.2,2,1,0.73,7,1.2,0.55,56,0
1.4,2,1,16.5,1,5,0.83,1,14.8,0.86,1113,0
17.8,3,3,119.4,1,3,0.84,5,18.4,0.86,300,0
12.0,1,0,8.5,0,4,0.9,4,4.6,0.13,209,0
9.0,2,3,18.2,5,3,0.87,2,16.2,0.85,70,0
18.6,1,1,27.2,0,0,0.93,1,18.5,0.58,65,0
23.5,1,3,19.3,5,5,0.91,2,11.4,0.22,310,0
3.9,0,1,50.1,1,7,0.77,2,-6.6,0.79,41,1
22.2,1,0,28.6,1,1,0.53,3,-4.2,0.08,116,1
7.8,1,2,13.8,1,5,0.89,1,13.2,0.42,53,0
18.0,2,3,34.1,1,1,0.78,2,15.7,0.08,221,0
33.3,2,1,32.3,0,1,0.89,3,-3.3,0.11,140,1
21.1,0,0,6.5,3,8,0.89,0,2.2,0.49,237,0
52.6,1,1,27.1,2,0,0.67,4,7.3,0.82,122,0
18.1,0,0,50.9,2,7,0.9,4,3.6,0.5,118,0
3.3,1,0,8.7,1,7,0.67,1,11.7,0.78,20,0
9.3,2,0,38.3,0,3,0.86,4,15.4,0.94,412,0
7.3,1,1,6.5,0,1,0.9,3,3.4,0.9,799,0
1.6,0,1,7.9,1,3,0.84,5,8.2,0.74,608,0
19.1,2,2,52.0,5,0,0.75,5,7.8,0.5,154,0
32.4,0,3,2.4,0,1,0.65,5,10.4,0.62,258,0
42.8,0,3,28.3,1,3,0.75,0,16.6,0.45,211,0
5.7,1,0,64.5,1,5,0.85,1,12.8,0.92,287,0
4.3,0,3,15.5,3,4,0.86,1,3.8,0.42,33,0
1.5,2,0,14.8,2,2,0.6,2,1.9,0.47,409,1
6.4,3,2,98.4,1,2,0.82,2,8.8,0.79,128,0
1.7,1,3,6.4,1,4,0.97,3,-2.3,0.16,277,1
7.3,1,1,39.3,0,2,0.94,3,4.7,0.9,156,0
5.9,3,1,6.0,1,1,0.91,2,15.7,0.71,965,0
9.0,2,3,163.5,2,1,0.83,4,9.4,0.66,235,0
6.8,2,1,79.7,1,4,0.89,2,10.6,0.42,236,0
18.6,2,2,56.2,3,3,0.8,5,5.3,0.53,46,0
10.7,1,1,25.3,1,2,0.88,1,17.4,0.7,41,0
6.1,2,3,17.2,1,3,0.95,1,2.1,0.54,173,0
8.7,1,0,19.4,0,3,0.74,2,-6.6,0.82,176,1
33.3,3,0,6.8,2,3,0.66,1,9.1,0.46,164,0
10.0,1,1,53.7,3,2,0.81,2,10.9,0.82,385,0
22.7,2,1,1.1,6,3,0.77,2,3.0,0.71,625,0
20.9,3,0,3.2,1,5,0.96,1,-10.6,0.05,86,1
4.9,1,0,26.0,3,5,0.71,2,10.8,0.38,827,0
11.8,1,3,47.6,1,6,0.73,0,-0.8,0.16,118,1
3.6,1,1,48.8,2,2,0.72,3,3.3,0.13,301,0
1.9,0,1,6.8,0,2,0.8,0,5.2,0.54,262,0
12.1,1,0,55.1,2,7,0.92,2,2.7,0.73,139,0
3.7,0,1,5.8,1,3,0.89,5,9.6,0.14,107,0
19.0,1,1,19.6,3,1,0.67,2,3.7,0.76,283,0
14.2,2,3,31.7,1,3,0.63,1,1.6,0.28,170,0
3.7,0,0,150.2,4,2,0.78,3,7.5,0.78,107,0
8.7,2,1,28.0,0,4,0.79,1,5.4,0.72,47,0
14.3,1,1,1.1,0,1,0.9,3,3.3,0.89,153,0
1.5,1,0,18.5,2,1,0.93,3,-9.4,0.55,219,1
1.3,1,0,7.9,3,2,0.77,4,17.1,0.08,149,0
12.3,0,1,37.3,2,3,0.77,5,13.9,0.89,41,0
15.6,2,3,9.0,2,3,0.37,1,8.8,0.76,53,0
17.6,1,3,45.6,1,2,0.9,3,9.1,0.12,80,0
4.4,1,3,88.3,1,3,0.66,1,6.6,0.82,30,0
10.3,2,0,10.4,5,1,0.91,3,-11.5,0.57,123,1
1.2,3,1,23.6,1,2,0.67,4,10.0,0.63,218,0
22.4,1,1,36.9,1,2,0.93,5,5.2,0.53,263,0
15.3,2,2,222.2,3,4,0.73,0,11.4,0.82,32,0
61.2,2,0,0.9,1,0,0.92,1,4.1,0.55,206,0
3.2,3,1,2.6,5,2,0.55,4,23.8,0.88,106,0
18.4,1,3,18.8,2,1,0.67,2,1.4,0.64,352,0
22.3,1,3,14.5,0,4,0.87,4,7.1,0.67,195,0
23.4,0,3,10.9,2,4,0.79,2,-2.3,0.69,512,1
11.0,1,0,72.5,3,2,0.81,2,1.2,0.37,170,0
4.3,3,1,8.3,2,4,0.91,3,10.4,0.11,147,0
2.0,2,1,111.0,1,6,0.95,3,3.0,0.1,369,0
39.8,2,1,101.0,3,2,0.81,1,0.9,0.6,21,1
55.9,1,3,28.1,0,4,0.83,4,-7.5,0.09,265,1
17.4,2,2,10.6,0,3,0.87,5,0.4,0.26,150,0
5.7,0,1,75.0,2,3,0.77,2,-1.4,0.41,41,1
1.4,2,2,44.9,1,1,0.77,4,11.5,0.66,164,0
10.9,2,1,16.2,2,7,0.97,1,9.3,0.66,114,0
1.3,1,0,65.2,2,5,0.84,3,7.7,0.27,104,0
5.3,0,1,17.6,3,1,0.8,5,11.9,0.89,42,0
4.2,3,0,41.8,1,5,0.83,2,6.8,0.54,34,0
35.4,0,3,0.5,1,4,0.9,5,12.9,0.36,120,0
16.0,3,2,23.5,2,1,0.89,4,9.6,0.11,46,0
3.4,1,2,29.3,1,1,0.83,2,1.0,0.63,123,0
4.5,1,1,115.8,2,2,0.89,2,-11.3,0.15,47,1
21.6,2,0,4.8,0,6,0.79,1,-6.9,0.12,256,1
5.3,1,0,58.9,5,3,0.83,1,-1.6,0.86,67,1
5.1,2,1,1.4,1,4,0.69,4,-9.9,0.21,269,1
3.7,2,1,26.3,1,4,0.82,1,-0.9,0.23,45,1
33.6,0,0,10.7,3,5,0.94,2,2.8,0.34,414,0
1.3,1,0,17.2,1,4,0.96,3,-4.0,0.19,319,1
18.1,1,1,2.7,3,4,0.81,5,9.6,0.83,421,0
13.4,1,1,141.3,2,5,0.84,0,4.8,0.11,152,0
6.7,0,1,18.4,2,6,0.9,3,9.3,0.43,269,0
10.5,1,3,32.1,1,1,0.68,2,7.3,0.61,275,0
18.2,1,3,21.0,0,2,0.82,1,5.2,0.56,621,0
26.0,0,1,3.4,1,2,0.69,4,-13.7,0.47,364,1
13.4,0,1,1.1,2,1,0.92,5,11.1,0.66,68,0
6.7,1,1,79.5,2,3,0.95,2,6.1,0.92,137,0
2.3,2,2,16.3,4,3,0.85,4,5.7,0.63,29,0
13.7,2,3,213.7,1,2,0.76,4,20.5,0.1,199,0
19.1,2,0,133.9,1,5,0.59,3,3.0,0.34,151,1
1.6,3,0,84.5,0,2,0.62,2,6.1,0.59,84,1
3.7,1,1,18.3,2,2,0.56,4,-3.0,0.39,258,1
32.5,1,3,7.3,1,2,0.79,3,10.2,0.81,73,0
4.2,3,1,38.9,2,3,0.91,1,0.2,0.5,121,0
16.7,1,1,78.0,4,1,0.82,5,-11.7,0.05,256,1
17.7,2,1,27.1,1,2,0.75,3,11.1,0.39,23,0
6.9,2,1,20.9,0,4,0.84,1,11.2,0.51,391,0
3.8,0,2,15.7,0,3,0.61,4,9.0,0.5,434,0
15.8,2,1,19.0,3,3,0.89,2,13.2,0.69,315,0
14.0,2,2,41.8,1,1,0.72,2,7.9,0.07,296,0
4.4,2,0,66.0,1,1,0.8,2,-0.1,0.39,324,1
10.4,1,3,1.9,1,5,0.92,2,-1.4,0.32,411,1
12.4,1,0,17.1,2,3,0.74,2,14.5,0.21,298,0
10.7,1,1,41.5,0,4,0.76,2,17.5,0.46,275,0
9.7,3,0,24.8,0,2,0.87,3,9.3,0.74,267,0
29.7,1,2,204.3,1,3,0.74,5,9.7,0.81,52,0
20.6,2,1,38.5,0,4,0.7,3,6.3,0.52,96,0
1.6,1,1,7.7,1,7,0.96,2,9.9,0.41,150,0
13.5,1,3,25.0,3,2,0.71,2,4.8,0.24,24,0
13.4,1,0,36.1,3,5,0.85,1,3.1,0.85,76,0
11.3,1,1,46.0,2,5,0.53,5,10.1,0.49,466,0
5.2,1,1,17.4,4,1,0.85,6,6.9,0.52,443,0
23.2,0,3,7.8,2,6,0.5,3,7.0,0.82,424,0
6.8,1,3,19.9,1,1,0.57,4,4.6,0.92,240,0
3.2,0,3,28.5,6,2,0.83,0,12.1,0.35,31,0
10.0,1,0,26.3,0,1,0.55,3,15.6,0.58,220,0
13.0,2,3,39.6,1,1,0.85,1,6.5,0.79,80,0
7.8,1,2,60.9,1,3,0.48,2,9.2,0.5,321,1
10.3,1,3,30.1,1,2,0.79,4,16.1,0.45,99,0
1.5,3,2,102.8,1,5,0.7,2,13.5,0.11,305,0
3.1,0,0,22.2,1,3,0.96,2,5.3,0.36,591,0
44.0,3,1,6.9,2,7,0.96,3,4.1,0.27,441,0
19.8,1,3,69.0,1,4,0.88,3,6.8,0.17,321,0
27.9,2,1,17.8,5,3,0.92,1,13.9,0.76,88,0
14.0,1,1,21.7,2,2,0.81,2,26.9,0.57,172,0
2.8,1,0,8.7,0,2,0.89,2,7.6,0.78,168,0
17.5,2,1,29.6,2,1,0.78,1,7.6,0.86,171,0
4.6,1,3,3.9,4,3,0.81,0,14.1,0.73,253,0
17.4,1,1,84.2,2,3,0.79,2,2.0,0.42,317,0
12.5,1,3,109.9,4,6,0.85,5,-3.4,0.68,82,1
11.7,3,3,127.9,3,2,0.97,4,0.4,0.25,63,0
8.3,0,1,4.4,1,5,0.57,2,7.9,0.39,45,0
24.8,1,1,1.6,4,3,0.77,3,6.6,0.33,65,0
9.5,1,0,55.0,2,4,0.77,3,9.5,0.34,119,0
9.1,2,1,16.7,1,3,0.9,3,9.0,0.45,318,0
4.3,2,1,34.3,4,1,0.97,4,4.3,0.4,20,0
12.4,0,1,59.2,1,4,0.85,3,0.1,0.68,200,1
2.5,2,2,38.9,0,2,0.91,2,-3.4,0.23,90,1
1.1,2,1,61.3,3,4,0.7,5,5.7,0.62,51,0
48.2,2,3,2.9,3,2,0.92,0,6.5,0.41,157,0
31.6,0,1,134.5,1,1,0.79,4,11.1,0.18,66,0
2.4,0,1,14.4,2,2,0.85,1,10.7,0.11,132,0
12.3,1,0,153.0,2,3,0.89,3,2.8,0.46,154,0
23.8,3,3,0.8,1,3,0.86,1,18.7,0.5,233,0
24.0,0,1,3.3,4,6,0.86,3,8.4,0.75,168,0
61.4,1,2,57.1,3,2,0.78,5,11.4,0.65,432,0
19.4,2,3,166.1,1,2,0.6,2,12.1,0.38,204,0
20.0,1,0,55.4,1,3,0.72,1,-14.5,0.45,28,1
6.4,2,1,45.7,1,3,0.83,5,-19.6,0.63,129,1
8.3,0,0,24.6,2,1,0.87,1,15.7,0.22,242,0
1.8,3,0,88.9,4,2,0.88,2,20.5,0.13,197,0
5.0,1,3,44.5,0,6,0.87,1,10.5,0.84,296,0
6.8,2,1,129.7,1,2,0.81,2,10.8,0.86,86,0
3.5,2,2,96.7,1,4,0.92,2,3.3,0.65,355,0
6.3,0,3,11.5,0,4,0.89,1,14.9,0.36,182,0
5.5,0,3,19.0,3,4,0.93,1,-0.3,0.15,199,1
4.3,1,3,23.2,3,6,0.75,2,5.1,0.6,43,0
12.8,2,0,61.7,1,2,0.85,1,5.9,0.44,67,0
1.7,1,3,45.7,1,4,0.91,3,6.1,0.68,113,0
35.3,0,1,6.4,1,1,0.54,4,5.5,0.43,81,0
20.8,1,2,8.1,2,6,0.74,1,12.4,0.07,135,0
33.1,1,1,31.6,1,0,0.84,2,6.7,0.64,102,0
19.3,0,0,18.6,4,8,0.46,2,7.5,0.11,102,1
26.9,2,1,100.7,0,2,0.82,3,7.1,0.11,258,0
10.3,0,1,7.8,2,2,0.59,1,11.7,0.07,161,0
16.6,1,3,47.1,3,4,0.74,5,3.4,0.11,136,0
16.1,3,2,79.0,4,5,0.78,2,9.7,0.81,46,0
1.4,3,0,60.2,2,5,0.68,5,8.7,0.39,30,1
14.6,1,1,41.7,3,2,0.77,2,-2.5,0.09,105,1
12.7,0,1,20.0,0,2,0.68,7,10.5,0.95,133,0
16.4,1,1,19.5,2,5,0.61,4,4.8,0.2,89,1
7.8,2,0,14.2,6,3,0.82,4,12.3,0.15,26,0
3.8,1,0,2.9,1,4,0.69,6,11.8,0.7,163,0
19.5,1,0,2.5,2,1,0.89,3,13.0,0.76,66,0
3.6,1,2,14.3,0,2,0.89,0,3.7,0.64,38,0
10.9,0,0,7.3,0,3,0.89,2,6.6,0.76,213,0
9.7,0,2,6.6,3,2,0.91,0,-11.0,0.46,343,1
13.9,0,3,6.3,2,4,0.58,3,2.2,0.67,292,0
4.6,1,1,7.3,0,5,0.93,6,10.3,0.75,489,0
1.8,1,0,25.7,0,1,0.52,2,13.6,0.63,242,0
13.1,3,0,163.0,4,4,0.8,2,-2.0,0.59,104,1
6.2,2,0,58.1,3,2,0.82,2,2.1,0.59,228,0
12.0,1,1,5.6,2,2,0.87,1,23.6,0.93,69,0
5.8,1,0,22.0,0,2,0.9,2,0.9,0.78,192,0
21.0,1,0,17.3,1,6,0.56,3,14.2,0.46,405,0
2.9,1,2,26.7,2,1,0.54,4,15.3,0.47,435,0
29.4,2,1,46.0,1,1,0.97,2,22.4,0.09,64,0
8.3,1,2,26.3,0,7,0.54,0,-20.0,0.38,946,1
2.4,1,2,98.5,2,3,0.72,1,-0.0,0.68,232,1
8.4,0,1,14.4,1,6,0.87,2,-1.4,0.54,39,1
13.3,1,2,65.1,1,4,0.69,2,-2.0,0.49,597,1
16.8,0,0,134.1,3,4,0.8,3,6.4,0.18,231,0
5.9,1,3,54.5,6,3,0.87,3,8.1,0.92,548,0
16.3,1,0,4.8,0,3,0.74,3,15.2,0.28,264,0
5.8,2,0,18.0,3,4,0.84,5,6.2,0.31,25,0
9.4,2,3,35.0,4,4,0.75,2,0.7,0.74,64,0
13.9,0,0,20.8,3,6,0.87,3,11.3,0.14,264,0
2.9,3,3,21.0,4,8,0.81,1,15.4,0.49,36,0
2.3,3,1,21.6,6,6,0.78,6,14.0,0.18,128,1
3.1,3,1,20.7,1,1,0.86,1,0.6,0.07,96,0
27.3,3,0,169.0,1,0,0.95,4,15.1,0.33,132,0
5.3,2,2,31.5,0,4,0.65,2,4.0,0.56,1632,0
9.1,1,3,25.1,2,1,0.73,0,-0.3,0.61,115,1
15.8,1,3,46.4,1,2,0.87,0,11.3,0.7,176,0
28.2,2,1,84.0,2,4,0.8,3,-5.7,0.37,403,1
4.9,0,3,62.7,0,4,0.88,3,-0.5,0.25,74,1
6.9,1,0,3.5,4,3,0.9,5,4.3,0.61,44,0
5.9,1,1,44.6,2,3,0.86,2,2.9,0.05,652,0
64.7,2,0,5.0,5,1,0.93,2,4.2,0.44,206,0
3.9,2,3,36.8,0,3,0.86,3,2.2,0.64,483,0
8.4,1,1,1.6,3,3,0.71,1,-4.3,0.27,721,1
32.8,1,3,13.2,1,4,0.82,1,20.9,0.85,54,0
2.4,1,3,11.6,1,1,0.62,2,-8.3,0.4,32,1
28.9,1,1,7.8,2,9,0.73,4,13.9,0.34,160,0
1.5,1,3,110.7,3,4,0.63,4,-5.8,0.2,145,1
16.9,1,0,15.0,3,4,0.66,2,9.7,0.37,370,0
70.7,0,0,89.3,1,5,0.89,1,-11.4,0.42,116,1
13.1,2,3,36.8,2,6,0.74,4,2.2,0.33,51,0
10.5,1,1,17.8,1,6,0.93,1,6.7,0.58,438,0
11.3,1,3,37.7,2,5,0.85,4,0.2,0.1,364,0
6.7,3,0,54.0,1,6,0.81,6,18.4,0.45,425,0
12.3,3,1,56.0,2,5,0.83,1,-9.0,0.51,102,1
5.0,3,0,41.7,3,2,0.72,1,-3.0,0.45,129,1
1.3,2,3,26.5,1,2,0.97,3,6.8,0.56,69,0
18.8,2,2,69.4,2,2,0.85,0,-1.1,0.19,28,1
6.0,0,2,205.1,1,3,0.89,4,-7.3,0.44,199,1
1.0,2,3,126.1,2,5,0.63,3,8.4,0.6,82,0
3.9,1,3,2.4,3,3,0.96,2,20.8,0.84,125,0
1.9,2,1,16.1,0,1,0.88,1,12.6,0.48,706,0
18.9,0,1,3.3,1,4,0.72,1,9.5,0.11,89,0
7.8,2,2,8.7,0,6,0.83,2,4.7,0.77,308,0
5.0,2,0,12.8,1,3,0.87,1,0.1,0.85,156,0
8.9,2,3,4.8,2,3,0.87,3,19.3,0.48,44,0
23.9,2,2,39.8,1,3,0.96,3,1.1,0.11,27,0
7.3,2,0,37.9,2,5,0.98,1,4.9,0.41,40,0
1.3,2,3,8.9,1,3,0.73,3,21.4,0.69,105,0
6.6,1,1,79.8,6,1,0.79,5,-2.7,0.41,39,1
18.2,1,3,94.7,0,5,0.74,0,23.1,0.43,33,0
12.3,0,1,25.3,0,5,0.93,1,4.5,0.23,1002,0
28.3,1,1,14.2,4,5,0.86,3,6.3,0.4,51,0
27.3,3,1,54.1,2,1,0.81,2,13.9,0.89,62,0
63.6,2,2,16.6,3,1,0.78,2,-0.2,0.59,155,1
49.5,2,1,69.0,0,0,0.75,3,3.7,0.17,31,0
2.1,1,1,44.6,3,2,0.67,3,4.6,0.58,569,0
4.6,3,3,11.8,2,5,0.91,2,5.5,0.47,152,0
12.1,1,0,204.0,3,4,0.87,5,3.5,0.45,417,0
8.6,2,1,15.4,3,3,0.87,2,-0.4,0.36,215,1
8.9,2,3,5.0,1,1,0.89,4,-3.2,0.66,156,1
6.8,0,0,9.4,0,3,0.65,3,-1.9,0.51,453,1
1.5,2,1,20.4,2,3,0.85,2,20.0,0.43,49,0
8.6,2,3,25.0,0,5,0.7,4,14.8,0.43,183,0
3.6,3,0,13.8,2,8,0.55,5,10.6,0.11,80,1
14.2,1,0,64.7,1,1,0.9,2,14.9,0.88,66,0
9.2,2,0,2.6,1,2,0.63,4,16.9,0.46,357,0
54.9,0,0,6.3,1,1,0.84,4,11.8,0.09,29,0
12.2,1,2,17.2,2,3,0.75,3,0.2,0.8,102,0
17.9,1,3,135.2,2,4,0.83,3,1.9,0.31,303,0
19.1,1,0,27.4,2,4,0.76,5,7.8,0.37,132,0
5.8,1,3,32.9,3,2,0.85,3,15.5,0.74,322,0
30.1,1,0,44.9,2,3,0.82,3,11.6,0.17,774,0
12.2,1,1,82.9,1,3,0.94,3,9.8,0.93,79,0
8.0,0,3,30.8,1,4,0.84,4,9.0,0.89,149,0
6.6,0,1,56.7,2,5,0.92,3,11.4,0.08,123,0
2.5,1,3,35.6,4,5,0.69,4,16.1,0.59,162,0
10.2,1,0,3.1,0,6,0.76,1,-2.8,0.66,37,1
2.9,1,3,71.2,5,4,0.81,3,-1.2,0.23,29,1
7.9,2,1,34.1,1,3,0.67,3,7.2,0.7,603,0
7.2,0,2,12.8,2,4,0.88,4,-8.9,0.74,45,1
18.4,2,0,136.1,3,3,0.76,2,17.2,0.76,26,0
29.4,3,1,24.2,0,5,0.89,3,15.1,0.2,22,0
11.9,3,2,55.5,4,2,0.7,4,4.9,0.92,655,0
23.9,1,3,42.6,2,3,0.86,1,5.6,0.47,144,0
12.1,2,1,1.6,8,4,0.91,2,13.4,0.63,104,0
3.8,2,3,5.9,1,3,0.95,2,4.6,0.38,44,0
1.5,1,1,23.9,1,4,0.86,2,13.1,0.35,114,0
29.4,2,3,54.2,3,3,0.75,4,-0.5,0.94,145,1
37.2,1,1,22.0,2,0,0.86,5,0.1,0.86,167,0
5.1,2,1,6.9,4,2,0.83,2,8.0,0.15,352,0
60.5,1,1,45.3,2,3,0.88,0,10.3,0.33,249,0
19.3,3,1,42.2,3,2,0.75,2,-1.7,0.67,137,1
5.3,1,0,93.8,0,5,0.7,2,15.7,0.58,26,0
26.2,1,3,111.5,3,2,0.72,3,10.3,0.21,36,0
28.2,2,1,39.3,1,1,0.86,1,16.6,0.5,404,0
1.5,3,0,78.1,3,4,0.95,6,8.7,0.94,260,0
1.2,1,2,42.6,2,6,0.96,1,3.7,0.19,34,0
13.3,2,3,61.6,2,2,0.56,4,6.1,0.88,93,0
8.9,1,1,123.4,2,2,0.73,3,21.8,0.49,235,0
1.4,2,0,22.4,0,4,0.89,2,-3.6,0.79,33,1
3.6,1,2,42.1,0,4,0.8,2,2.5,0.06,76,0
3.5,1,0,52.4,2,7,0.69,5,-3.7,0.3,105,1
12.0,1,2,16.1,2,1,0.83,1,12.7,0.76,85,0
32.1,1,0,185.0,4,3,0.93,2,9.1,0.52,51,0
10.2,3,0,37.5,0,0,0.92,2,17.5,0.8,357,0
6.0,2,0,48.8,1,3,0.79,1,7.8,0.59,229,0
7.0,2,3,11.9,4,4,0.73,3,6.9,0.16,53,0
16.5,0,2,19.6,1,2,0.83,3,26.8,0.78,58,0
25.6,2,2,3.8,0,4,0.77,5,14.4,0.82,224,0
4.5,3,1,5.5,0,2,0.79,1,-0.7,0.8,109,1
1.1,1,1,107.6,2,2,0.93,2,11.0,0.84,110,0
15.4,0,2,130.3,2,3,0.81,4,7.7,0.41,38,0
4.6,3,1,14.9,1,2,0.9,2,3.7,0.16,551,0
21.5,1,3,164.1,3,3,0.92,6,11.7,0.5,213,0
1.3,0,1,8.1,3,6,0.84,0,7.3,0.35,95,0
5.1,1,1,29.1,2,2,0.91,3,3.7,0.56,164,0
6.9,2,0,26.9,1,1,0.8,0,9.8,0.53,256,0
2.2,1,1,130.0,5,2,0.86,2,-1.8,0.55,115,1
31.4,2,1,16.5,1,3,0.78,3,3.5,0.84,254,0
2.3,2,2,1.7,0,7,0.94,0,8.4,0.55,147,0
5.6,1,0,12.0,1,4,0.91,5,3.7,0.17,335,0
1.0,2,1,78.3,3,3,0.74,1,7.5,0.12,186,0
23.8,0,3,18.6,0,2,0.7,4,13.0,0.54,222,0
6.3,1,1,21.4,1,4,0.79,2,4.3,0.07,209,0
1.7,3,2,23.4,2,4,0.83,2,14.4,0.64,426,0
23.8,3,3,53.8,3,2,0.66,1,8.7,0.33,98,0
1.2,1,0,8.3,3,7,0.82,4,-6.1,0.94,358,1
1.3,3,2,3.6,2,2,0.72,1,-2.6,0.37,136,1
12.1,2,1,16.1,1,2,0.81,1,-4.6,0.89,262,1
5.0,1,0,128.0,2,4,0.77,5,0.8,0.31,142,1
8.2,1,1,15.0,1,5,0.85,2,-0.3,0.55,82,1
50.7,1,1,4.4,1,3,0.86,5,-11.9,0.94,241,1
8.2,0,1,149.2,1,0,0.87,5,-0.3,0.29,345,1
29.1,1,0,94.7,3,3,0.86,1,16.0,0.14,182,0
80.3,3,0,57.6,1,3,0.65,5,4.0,0.43,337,0
8.5,1,3,69.9,2,1,0.86,3,8.5,0.6,150,0
9.8,3,1,4.9,1,3,0.78,2,12.2,0.61,48,0
7.9,2,2,72.1,2,4,0.91,3,0.0,0.77,178,0
4.5,2,0,43.7,4,3,0.61,4,14.5,0.24,141,0
2.1,2,3,4.6,3,0,0.74,5,8.1,0.68,781,0
7.7,1,2,59.7,5,6,0.93,4,14.1,0.39,116,0
6.1,1,1,42.3,4,6,0.65,4,1.9,0.49,311,1
5.2,0,1,27.6,2,6,0.98,3,3.5,0.85,34,0
20.4,1,1,89.7,1,4,0.82,4,12.3,0.23,20,0
25.6,1,1,21.8,3,3,0.87,3,8.2,0.58,189,0
16.2,1,0,60.4,0,2,0.9,7,4.9,0.26,609,0
9.3,1,3,3.8,1,2,0.93,1,-4.6,0.59,288,1
8.3,1,2,116.9,0,6,0.92,3,-9.2,0.49,65,1
1.7,2,2,15.5,0,4,0.81,3,1.5,0.29,67,1
13.9,0,1,35.8,1,1,0.73,3,-0.5,0.72,401,1
35.6,0,2,47.2,3,5,0.91,3,9.5,0.3,480,0
15.8,2,0,32.0,2,1,0.8,2,10.7,0.58,51,0
1.2,2,1,38.4,2,8,0.75,4,5.4,0.81,144,0
15.9,1,3,12.4,3,2,0.89,1,21.4,0.94,68,0
3.8,1,3,8.3,3,1,0.92,7,9.2,0.41,130,0
2.8,1,1,52.6,0,5,0.71,4,9.4,0.85,161,0
24.3,2,0,10.7,3,2,0.93,0,12.0,0.06,146,0
9.2,1,3,0.8,2,1,0.92,1,-0.5,0.52,301,0
2.9,3,2,30.7,1,3,0.63,3,17.9,0.3,29,0
67.6,1,3,33.8,1,3,0.9,5,-7.2,0.92,176,1
5.9,3,0,53.2,3,5,0.93,2,10.5,0.65,208,0
20.1,3,2,12.8,6,2,0.87,3,12.8,0.45,101,0
6.1,2,0,53.8,1,3,0.7,3,16.4,0.6,260,0
30.8,0,3,9.4,5,3,0.56,0,6.1,0.62,123,0
27.0,2,1,51.1,0,0,0.85,2,16.0,0.48,151,0
11.8,2,0,54.5,2,5,0.95,5,9.3,0.93,336,0
79.2,1,0,25.7,2,3,0.61,1,6.1,0.63,91,0
15.1,0,3,61.6,3,2,0.92,0,-0.0,0.1,135,1
9.7,2,2,3.5,1,3,0.74,3,10.0,0.41,141,0
6.3,1,2,54.8,1,4,0.84,5,4.7,0.88,34,0
16.1,2,3,53.2,2,2,0.85,0,-0.5,0.14,108,1
11.6,1,1,15.4,3,1,0.76,1,-4.0,0.05,386,1
14.4,0,2,34.6,3,8,0.81,3,6.2,0.44,128,0
7.1,3,1,70.3,3,2,0.83,7,4.1,0.76,80,0
1.1,2,1,42.1,3,3,0.91,1,13.3,0.19,230,0
11.8,2,0,102.8,2,5,0.94,6,17.2,0.69,25,0
5.1,1,1,54.2,1,3,0.88,3,22.1,0.66,234,0
16.7,2,0,43.3,5,3,0.76,3,-3.2,0.06,200,1
2.4,2,3,125.8,2,3,0.92,7,-2.5,0.44,53,1
9.2,2,1,40.0,0,6,0.83,4,13.4,0.4,158,0
13.6,1,1,23.7,1,1,0.84,0,-3.5,0.41,159,1
23.3,0,1,45.9,3,4,0.85,2,3.6,0.13,356,0
24.9,2,0,27.2,1,2,0.86,4,12.4,0.44,60,0
13.6,2,0,12.2,1,3,0.86,1,12.3,0.57,36,0
27.5,3,0,44.4,2,5,0.82,3,28.6,0.35,199,0
1.9,0,1,2.8,1,4,0.6,5,4.1,0.42,344,0
9.6,2,0,23.0,2,5,0.72,4,9.6,0.82,564,0
1.9,1,2,45.1,3,1,0.81,3,-4.5,0.81,110,1
28.5,1,1,25.8,3,6,0.81,1,4.6,0.77,246,0
19.8,3,2,82.7,1,5,0.58,2,14.4,0.07,32,0
8.3,2,0,11.9,1,3,0.9,3,5.8,0.66,48,0
4.6,1,1,25.4,2,0,0.5,1,5.1,0.09,46,0
2.0,1,0,25.3,2,5,0.85,2,-0.2,0.84,72,1
1.3,0,2,137.6,0,3,0.85,1,17.0,0.17,33,0
3.5,2,1,28.5,1,4,0.86,4,-0.8,0.13,79,1
5.6,3,2,20.5,1,2,0.75,4,-4.5,0.18,230,1
2.7,0,3,39.3,2,8,0.89,2,0.0,0.57,101,1
10.9,1,1,4.1,1,0,0.68,0,3.9,0.94,56,0
15.9,0,1,3.5,2,5,0.72,4,3.9,0.2,128,0
9.6,1,3,26.7,1,3,0.88,5,4.9,0.76,314,0
1.6,1,0,8.6,3,2,0.82,6,2.3,0.1,551,0
1.0,3,2,14.8,2,3,0.86,3,13.0,0.52,104,0
25.2,1,0,21.7,1,4,0.81,5,8.3,0.79,136,0
19.4,3,2,54.4,0,4,0.86,2,9.9,0.86,135,0
24.4,3,0,4.1,2,2,0.87,6,9.7,0.93,127,0
23.6,1,1,7.0,1,3,0.88,3,10.1,0.93,128,0
34.3,3,1,19.0,2,4,0.86,3,26.2,0.06,38,0
3.8,1,1,13.0,2,5,0.73,3,9.8,0.73,101,0
1.9,1,2,44.2,3,2,0.76,1,4.8,0.07,125,0
54.5,2,3,5.1,1,4,0.71,2,14.1,0.52,67,0
13.7,1,3,43.2,3,2,0.54,0,0.5,0.7,103,0
10.4,3,2,24.9,3,6,0.94,4,1.2,0.63,55,0
4.6,2,1,30.6,1,4,0.77,4,-2.1,0.18,56,1
1.8,2,3,32.3,1,2,0.89,0,-0.3,0.94,68,1
4.3,2,3,18.1,2,4,0.57,4,-3.6,0.53,52,1
7.7,1,2,8.2,2,4,0.54,1,1.8,0.51,147,1
17.9,0,3,15.6,3,3,0.78,2,1.1,0.31,179,0
14.9,2,1,83.4,0,4,0.8,1,12.8,0.21,301,0
5.3,0,1,3.9,1,6,0.7,2,3.4,0.16,184,0
6.7,2,1,40.3,1,7,0.86,5,-3.8,0.21,161,1
10.7,1,2,48.0,0,4,0.83,1,11.4,0.42,79,0
4.9,2,3,15.9,0,0,0.65,5,25.7,0.22,211,0
12.6,1,1,9.0,2,1,0.64,5,16.2,0.64,58,0
6.3,1,2,15.7,1,3,0.71,3,21.7,0.46,89,0
2.0,1,3,1.1,2,2,0.92,4,4.0,0.09,211,0
1.7,1,3,20.5,3,2,0.77,1,0.2,0.67,31,0
17.6,2,2,3.8,1,4,0.78,1,0.6,0.81,45,1
1.4,1,3,4.7,0,3,0.75,4,18.2,0.09,188,0
17.5,2,1,0.6,2,3,0.95,3,9.3,0.44,23,0
10.3,3,1,121.8,0,2,0.77,3,3.3,0.69,27,0
2.7,0,1,10.5,1,3,0.75,1,-0.8,0.86,300,1
44.1,1,1,26.8,2,7,0.89,5,21.0,0.53,30,0
37.6,2,0,144.4,3,2,0.85,3,12.2,0.49,52,0
14.3,2,1,1.5,1,1,0.85,4,1.4,0.53,155,0
18.2,1,2,31.6,5,2,0.56,4,10.8,0.1,137,0
2.9,1,2,22.6,0,2,0.77,2,-1.8,0.77,51,1
12.6,1,1,47.3,3,3,0.69,4,-0.7,0.36,207,1
2.5,0,2,29.0,1,4,0.63,4,22.5,0.62,302,0
5.1,2,1,40.4,2,3,0.74,3,9.9,0.8,62,0
13.3,0,0,45.5,0,3,0.82,1,-2.3,0.82,133,1
10.1,2,3,37.5,6,1,0.92,1,11.7,0.77,543,0
45.9,1,1,51.6,2,5,0.79,3,-1.8,0.19,156,1
5.0,0,1,32.6,0,2,0.89,1,1.7,0.19,113,1
10.7,0,2,18.6,0,5,0.67,4,5.0,0.7,322,0
9.4,1,3,9.9,1,4,0.78,1,0.1,0.92,201,0
3.9,2,2,72.4,1,3,0.96,2,14.9,0.88,548,0
14.8,1,0,6.2,4,0,0.95,3,-3.4,0.77,112,1
14.1,3,0,0.9,2,1,0.93,5,5.0,0.41,124,0
12.6,2,1,68.8,0,1,0.88,2,15.8,0.42,192,0
28.6,2,0,48.1,3,6,0.88,2,-8.2,0.08,94,1
21.2,1,3,6.5,0,3,0.84,2,11.4,0.47,345,0
6.4,2,2,4.3,1,2,0.74,1,8.6,0.56,555,0
8.0,1,1,43.5,2,3,0.62,1,2.1,0.82,291,0
23.9,1,1,12.5,0,4,0.88,5,4.1,0.16,167,0
4.7,1,0,17.9,2,3,0.82,1,-2.6,0.8,41,1
9.6,1,3,38.8,1,4,0.71,2,13.7,0.23,51,0
30.2,1,1,12.4,3,4,0.73,4,19.5,0.23,76,0
8.0,1,3,17.0,0,2,0.91,9,-0.3,0.85,30,0
11.7,1,1,78.2,2,3,0.62,1,6.0,0.07,160,0
25.5,2,2,5.9,4,3,0.9,4,-3.4,0.78,40,1
9.0,1,0,26.9,2,3,0.82,1,3.4,0.35,285,0
2.4,1,0,124.9,3,2,0.7,2,5.3,0.26,195,0
2.5,0,0,43.1,4,4,0.6,3,-5.6,0.79,252,1
25.6,0,0,5.1,0,4,0.97,3,-0.2,0.85,108,1
14.7,1,1,17.5,1,2,0.9,3,14.0,0.7,110,0
23.6,3,1,9.2,2,5,0.89,0,0.3,0.35,28,1
29.2,1,2,3.0,0,5,0.94,3,8.4,0.68,199,0
35.1,2,1,9.2,4,1,0.88,3,4.7,0.51,40,0
1.9,1,2,11.8,1,4,0.9,3,9.1,0.73,373,0
9.0,1,1,30.3,2,4,0.78,0,9.8,0.12,177,0
30.6,0,2,23.7,2,1,0.97,7,5.6,0.9,168,0
14.2,0,0,23.0,3,3,0.86,0,21.9,0.81,555,0
10.3,3,2,11.6,4,4,0.86,7,5.3,0.4,154,0
14.5,2,1,31.0,3,2,0.91,2,3.7,0.48,93,0
14.5,1,1,0.8,1,1,0.81,6,11.7,0.5,305,0
4.6,0,1,104.0,3,4,0.85,1,15.5,0.28,493,0
14.4,2,0,33.4,1,3,0.7,2,2.5,0.92,98,0
17.2,1,1,29.5,1,1,0.93,1,12.0,0.6,61,0
4.6,2,0,15.1,3,2,0.84,2,7.1,0.22,44,0
4.6,0,1,3.1,1,3,0.8,5,5.0,0.78,106,0
22.9,1,1,41.3,1,6,0.92,4,13.7,0.82,175,0
19.7,1,1,2.6,4,0,0.67,4,1.3,0.44,608,0
6.5,1,2,20.1,4,3,0.71,3,2.9,0.88,170,0
28.9,3,3,81.8,0,2,0.87,0,-15.4,0.73,79,1
3.9,1,1,33.4,1,3,0.75,4,11.5,0.21,118,0
7.6,2,3,4.1,3,5,0.69,1,-2.1,0.89,150,1
8.4,1,2,22.2,0,2,0.87,4,-7.9,0.72,28,1
1.6,2,1,15.5,2,4,0.68,1,8.4,0.16,198,0
3.9,1,1,4.4,4,5,0.88,2,7.4,0.45,90,0
17.1,1,3,3.3,1,3,0.93,1,4.5,0.59,1150,0
21.7,0,2,37.6,1,1,0.88,3,1.9,0.1,44,0
12.3,1,1,47.3,5,2,0.97,4,-3.7,0.18,302,1
8.5,2,2,8.3,2,4,0.95,4,17.7,0.13,405,0
14.3,2,3,26.8,0,2,0.66,2,31.3,0.08,228,0
19.8,2,0,2.3,3,2,0.95,4,-0.8,0.68,158,0
12.1,2,2,2.1,3,2,0.91,1,4.8,0.42,87,0
19.6,0,0,9.0,2,2,0.64,2,-1.6,0.61,364,1
2.5,2,0,15.9,2,6,0.75,3,2.0,0.13,456,0
6.9,1,0,82.5,1,1,0.65,2,2.8,0.4,331,0
3.8,2,1,16.9,2,3,0.64,3,13.5,0.67,403,0
5.9,1,3,18.5,1,4,0.68,3,3.6,0.11,275,0
15.7,1,3,28.1,1,3,0.96,3,1.0,0.21,312,0
38.5,1,1,137.0,2,5,0.76,2,7.8,0.31,156,0
17.3,0,3,18.1,1,2,0.72,2,3.0,0.61,872,0
11.8,1,3,29.0,2,2,0.83,3,-4.3,0.61,159,1
7.9,3,3,48.2,3,3,0.89,6,-0.9,0.1,499,1
6.7,3,1,61.6,1,7,0.9,1,14.2,0.81,99,0
2.1,1,3,43.7,2,2,0.82,1,0.7,0.66,66,0
3.1,1,1,1.5,0,1,0.9,2,16.5,0.22,37,0
5.8,1,1,5.7,2,4,0.86,1,4.4,0.93,98,0
8.4,2,2,108.3,3,4,0.85,0,9.2,0.39,23,0
1.3,2,2,4.6,0,3,0.64,4,13.0,0.5,98,0
10.4,0,0,12.4,4,2,0.92,3,16.0,0.36,108,0
21.3,1,0,25.5,3,4,0.85,3,3.1,0.22,278,0
1.8,3,1,28.8,2,3,0.81,2,11.7,0.22,168,0
17.3,1,2,48.9,0,3,0.66,4,11.8,0.27,69,0
9.6,2,1,36.7,3,4,0.64,4,-1.7,0.14,425,1
14.6,1,0,61.8,5,3,0.78,3,2.0,0.66,644,0
13.8,1,1,135.8,1,5,0.88,1,3.8,0.16,136,0
7.1,2,3,50.9,2,4,0.65,3,17.2,0.12,219,0
7.9,2,0,10.9,0,0,0.95,5,13.3,0.2,128,0
5.6,1,3,20.2,2,3,0.89,3,0.6,0.21,59,0
33.1,0,1,30.4,3,1,0.89,3,2.5,0.33,333,0
2.0,1,1,8.0,1,4,0.64,2,18.6,0.65,63,0
6.0,1,2,28.7,2,6,0.79,1,6.5,0.43,310,0
4.8,1,1,35.0,2,3,0.86,6,15.8,0.91,731,0
13.2,0,0,105.6,1,4,0.82,0,5.8,0.28,65,0
3.1,3,1,19.2,4,6,0.85,4,0.5,0.59,383,1
14.9,1,0,61.5,3,2,0.69,0,-6.7,0.65,47,1
17.0,1,3,87.7,1,2,0.92,1,5.7,0.73,300,0
2.2,1,3,9.9,3,6,0.62,4,-1.8,0.43,196,1
25.7,1,3,55.5,2,0,0.79,2,3.9,0.71,50,0
2.3,2,1,43.2,2,4,0.95,6,-2.6,0.32,195,1
16.5,0,1,30.5,0,2,0.67,1,-4.3,0.84,239,1
1.3,0,1,6.1,5,6,0.9,3,8.6,0.2,239,0
17.2,2,0,162.1,0,6,0.84,1,-7.5,0.64,213,1
15.6,3,1,23.0,2,2,0.77,1,-7.8,0.34,126,1
14.3,1,3,26.8,1,3,0.83,3,12.1,0.92,177,0
10.4,2,2,38.0,3,1,0.91,3,17.0,0.36,69,0
14.4,1,2,54.9,2,4,0.91,4,15.8,0.83,97,0
7.6,1,1,46.2,0,2,0.7,1,-2.9,0.28,130,1
2.4,3,0,55.2,5,1,0.69,0,1.1,0.28,250,1
4.9,1,3,2.3,1,1,0.97,1,11.7,0.26,54,0
1.5,2,0,66.0,2,3,0.92,4,10.4,0.12,178,0
21.6,1,0,32.4,1,5,0.95,3,3.9,0.87,120,0
12.9,0,0,3.6,2,2,0.81,6,17.5,0.55,41,0
20.9,2,3,8.1,1,2,0.88,0,2.0,0.13,239,0
21.2,1,3,7.1,1,2,0.75,0,10.5,0.24,67,0
9.4,2,1,10.3,2,2,0.91,6,5.2,0.64,39,0
23.4,1,0,45.7,2,4,0.72,0,3.9,0.51,45,0
28.9,2,3,41.9,1,6,0.67,1,14.5,0.11,108,0
2.4,1,1,9.3,2,5,0.92,0,0.3,0.72,31,0
3.5,1,1,19.3,2,3,0.9,3,18.3,0.08,123,0
12.0,3,3,12.4,1,2,0.78,1,-8.8,0.8,132,1
1.7,1,0,79.1,3,12,0.9,5,15.5,0.29,62,0
32.3,2,2,23.2,2,6,0.83,6,19.1,0.32,75,0
21.2,3,3,27.2,2,6,0.9,3,-8.9,0.75,44,1
7.9,2,1,2.7,2,3,0.79,3,7.6,0.92,63,0
9.3,1,0,2.1,0,1,0.89,3,-7.1,0.05,433,1
2.0,3,0,33.9,1,2,0.76,2,-8.2,0.42,42,1
17.6,1,1,7.3,2,0,0.94,1,-0.9,0.88,35,0
19.0,1,3,26.4,0,4,0.86,5,8.3,0.91,132,0
34.4,3,3,82.8,2,1,0.76,1,3.4,0.68,81,0
21.3,0,3,3.1,3,2,0.89,4,1.2,0.53,79,0
15.8,2,0,50.5,1,1,0.8,6,-2.6,0.41,26,1
3.9,0,1,67.2,3,2,0.7,5,-1.6,0.87,154,1
11.0,0,1,90.6,1,0,0.98,2,6.9,0.38,625,0
3.1,1,1,27.5,1,3,0.96,0,13.4,0.75,206,0
25.5,2,1,140.8,3,1,0.83,3,-12.1,0.83,88,1
2.2,1,2,39.1,1,5,0.55,2,15.1,0.76,162,0
11.4,2,1,34.5,2,1,0.64,4,5.9,0.51,40,0
10.3,2,1,16.2,2,3,0.92,3,-2.3,0.36,63,1
12.1,3,1,77.8,0,5,0.99,3,-1.6,0.74,23,1
16.1,0,2,27.5,2,4,0.88,1,3.9,0.68,64,0
45.9,1,1,1.2,2,8,0.96,0,-5.1,0.07,68,1
15.4,3,0,29.5,2,5,0.91,2,10.5,0.34,117,0
16.0,0,1,6.0,0,4,0.9,3,0.7,0.1,137,0
17.2,1,0,21.4,1,1,0.6,1,2.2,0.3,62,0
3.7,2,3,45.8,2,2,0.79,2,-2.3,0.27,90,1
16.4,2,1,14.5,1,2,0.51,2,10.7,0.54,25,0
13.5,1,0,16.0,1,1,0.87,1,1.0,0.79,52,0
19.2,2,1,29.0,1,4,0.84,1,8.1,0.89,60,0
1.1,1,0,63.9,2,4,0.89,3,8.4,0.13,208,0
7.6,2,3,33.5,1,5,0.9,3,0.6,0.26,110,0
5.7,0,1,1.2,4,2,0.73,3,0.1,0.12,54,1
2.2,1,1,85.9,2,2,0.94,0,9.7,0.69,204,0
8.8,2,3,122.7,4,4,0.99,4,6.0,0.2,166,0
13.1,3,3,12.0,1,1,0.89,2,-5.2,0.62,406,1
8.3,2,0,81.6,0,1,0.98,5,15.5,0.17,60,0
15.0,2,1,141.1,1,4,0.87,1,-0.5,0.21,185,1
15.7,1,0,86.7,2,0,0.98,3,-5.0,0.62,119,1
1.2,0,1,7.8,2,8,0.85,2,24.1,0.79,129,0
21.2,1,1,8.9,2,2,0.88,3,4.9,0.21,101,0
14.3,2,3,77.4,1,5,0.87,4,3.7,0.68,108,0
12.2,1,3,1.3,3,0,0.85,2,19.1,0.35,186,0
2.2,2,1,5.2,1,1,0.91,4,-0.1,0.34,36,0
55.0,1,2,12.5,1,5,0.88,2,-9.2,0.18,157,1
6.9,2,0,35.4,2,0,0.68,2,7.5,0.65,119,0
23.4,2,1,33.4,1,3,0.98,2,5.6,0.43,56,0
19.4,0,3,32.4,0,3,0.59,2,17.3,0.3,78,0
2.9,1,3,66.8,0,4,0.82,0,13.0,0.86,44,0
7.3,2,2,26.5,1,3,0.97,3,0.6,0.78,75,0
1.1,0,3,14.4,0,1,0.88,1,0.9,0.41,84,0
12.1,1,2,6.7,1,4,0.61,4,10.8,0.19,53,1
55.4,1,0,9.2,1,2,0.82,3,12.7,0.31,69,0
14.7,0,2,4.1,2,3,0.77,2,-6.5,0.71,251,1
10.6,1,1,17.9,0,4,0.81,0,18.7,0.39,269,0
7.7,2,1,10.8,4,4,0.84,1,7.5,0.68,85,0
7.2,0,2,20.3,3,1,0.86,2,0.1,0.19,571,0
12.1,1,3,9.9,0,3,0.75,2,8.6,0.94,99,0
39.3,1,0,42.6,1,2,0.71,2,4.9,0.56,82,0
5.3,1,1,89.4,0,3,0.96,3,2.4,0.63,270,0
5.7,1,1,45.9,0,5,0.83,7,-0.1,0.19,178,1
3.6,1,3,3.7,0,3,0.78,2,13.4,0.73,130,0
8.5,1,2,3.1,0,3,0.79,3,4.0,0.72,65,0
11.7,0,0,27.2,1,2,0.85,3,1.8,0.27,144,0
5.1,1,2,54.6,1,2,0.91,3,28.8,0.68,143,0
8.9,1,1,105.7,1,6,0.84,3,10.4,0.54,741,0
22.7,1,2,5.0,3,2,0.71,4,2.1,0.63,86,0
22.9,2,1,64.4,1,3,0.71,5,17.0,0.3,429,0
4.2,0,0,65.8,3,3,0.79,3,6.8,0.72,106,0
22.2,0,2,73.4,3,3,0.64,4,13.1,0.14,361,1
20.2,1,1,19.2,2,1,0.63,1,-12.4,0.42,205,1
14.0,0,1,56.8,1,2,0.99,4,7.7,0.21,343,0
19.0,2,3,9.4,3,2,0.79,3,12.2,0.06,47,0
6.2,1,2,63.9,1,4,0.9,1,-4.8,0.62,70,1
9.2,1,1,57.7,2,2,0.88,3,1.8,0.83,310,1
12.6,1,1,9.6,4,5,0.85,4,1.1,0.56,421,1
1.3,2,3,49.9,2,3,0.68,2,-3.6,0.74,102,1
13.7,0,1,60.2,1,2,0.78,2,22.0,0.57,93,0
5.1,2,2,21.4,1,1,0.62,7,-9.4,0.7,185,1
8.0,1,1,46.0,3,4,0.93,3,20.5,0.67,20,0
5.3,1,2,121.5,3,0,0.9,1,14.4,0.11,191,0
10.5,2,3,53.6,2,1,0.69,2,19.7,0.15,81,0
11.2,1,1,4.2,4,1,0.94,5,2.6,0.61,719,0
2.9,2,2,61.6,0,1,0.72,0,7.7,0.24,21,0
75.2,1,0,10.1,2,3,0.94,3,1.6,0.08,677,0
3.5,1,1,8.9,0,4,0.72,2,12.1,0.47,210,0
10.5,0,1,27.8,4,2,0.75,3,-3.2,0.33,315,1
7.9,0,1,24.6,3,3,0.9,5,3.5,0.18,79,0
23.5,3,1,97.3,0,3,0.57,5,10.0,0.12,97,1
2.9,1,0,49.5,1,2,0.86,1,10.5,0.24,36,0
22.0,1,1,37.4,4,6,0.9,2,6.2,0.46,550,0
11.7,1,1,3.9,3,4,0.83,0,0.3,0.86,157,1
14.2,1,0,36.6,2,3,0.6,1,15.2,0.16,160,0
1.0,0,1,114.8,3,2,0.75,1,0.5,0.37,158,1
19.8,0,1,32.4,2,3,0.79,0,0.8,0.85,192,0
13.0,1,3,1.8,0,2,0.73,1,-1.9,0.07,28,1
19.6,1,1,0.9,1,5,0.61,3,-3.5,0.61,322,1
1.1,1,0,17.6,1,3,0.92,4,10.2,0.38,156,0
13.7,2,0,168.4,2,5,0.9,3,17.0,0.87,34,0
13.5,2,3,8.9,3,1,0.84,2,-7.5,0.09,120,1
28.5,1,2,2.1,1,2,0.63,4,13.8,0.53,506,0
5.6,2,0,22.4,1,2,0.55,3,29.5,0.36,33,0
11.2,1,3,0.6,3,3,0.94,2,8.5,0.43,216,0
34.5,0,0,20.4,1,3,0.95,1,17.3,0.2,27,0
13.0,2,0,1.4,1,5,0.88,1,0.5,0.1,295,1
7.7,2,2,31.7,1,2,0.83,3,2.2,0.48,359,0
9.6,1,3,33.2,4,7,0.69,3,3.5,0.42,426,0
3.9,1,0,61.7,1,4,0.9,3,13.1,0.38,43,0
59.0,1,2,23.4,3,4,0.82,2,11.7,0.79,95,0
2.9,2,0,11.4,1,3,0.63,3,11.9,0.35,76,0
10.3,1,3,3.2,2,6,0.8,1,6.2,0.6,56,0
4.4,1,0,11.2,3,1,0.91,1,17.0,0.79,330,0
9.8,3,3,16.5,3,2,0.75,3,15.7,0.12,272,0
30.4,1,2,46.5,1,5,0.87,3,16.0,0.71,46,0
34.4,2,0,5.8,2,2,0.82,0,10.9,0.54,954,0
2.7,2,2,4.3,2,7,0.52,2,9.7,0.1,527,1
15.0,2,2,30.2,2,1,0.8,3,0.7,0.34,194,0
23.1,2,1,86.9,2,7,0.9,2,9.7,0.72,98,0
14.7,0,1,17.5,2,2,0.98,3,-7.1,0.27,64,1
5.3,2,3,41.6,2,1,0.78,2,0.1,0.11,91,0
15.6,1,1,5.4,1,2,0.62,1,12.8,0.93,297,1
18.9,1,0,48.2,3,2,0.63,2,0.1,0.3,184,1
28.9,1,2,54.5,2,2,0.89,4,-7.2,0.52,90,1
19.8,2,2,7.5,2,5,0.88,6,5.7,0.11,89,0
6.2,2,2,42.6,0,3,0.81,2,15.3,0.28,1074,0
6.3,1,0,41.5,1,4,0.76,3,3.1,0.91,267,0
1.2,1,1,37.1,2,5,0.88,2,8.4,0.31,564,0
7.9,1,2,53.0,1,3,0.83,0,-0.7,0.51,91,1
5.9,1,0,52.9,4,1,0.8,2,3.0,0.79,27,0
2.8,1,2,135.3,0,3,0.98,5,8.9,0.59,438,0
3.7,2,2,11.6,4,3,0.66,1,1.5,0.55,48,0
3.6,1,0,7.3,1,3,0.63,1,4.7,0.88,77,0
29.6,3,3,25.2,3,3,0.74,4,0.0,0.47,21,0
10.1,3,0,31.2,5,4,0.95,1,-4.9,0.1,99,1
18.7,1,1,8.2,4,8,0.82,3,1.5,0.14,39,1
4.7,1,2,31.1,1,5,0.63,1,-3.7,0.07,32,1
38.8,1,3,116.1,4,2,0.64,4,21.9,0.44,79,0
4.2,1,3,25.8,1,2,0.7,3,-0.5,0.81,142,1
22.1,1,1,7.1,5,3,0.92,3,2.8,0.52,73,0
5.4,1,3,45.1,2,4,0.92,3,3.1,0.55,129,0
10.8,3,1,13.0,2,5,0.93,1,5.1,0.74,284,0
21.4,2,1,73.3,3,3,0.85,8,11.4,0.89,216,0
1.1,0,3,3.7,1,3,0.82,2,15.3,0.57,613,0
15.5,0,0,55.8,1,4,0.96,1,0.2,0.59,204,0
21.3,1,3,21.3,1,4,0.93,1,11.8,0.54,89,0
2.7,1,3,125.0,1,2,0.8,2,3.1,0.54,286,0
17.6,1,1,15.1,2,3,0.96,2,-11.3,0.54,547,1
2.9,0,0,22.9,3,3,0.67,1,4.1,0.62,62,0
33.2,1,3,14.9,2,3,0.8,3,-7.7,0.14,125,1
20.7,1,1,117.3,0,5,0.87,7,12.2,0.78,298,1
3.0,1,1,61.9,4,1,0.81,2,4.0,0.25,324,0
48.7,2,2,14.4,0,2,0.79,3,13.7,0.16,195,0
10.6,2,3,6.4,0,2,0.7,2,-9.3,0.31,88,1
3.8,1,0,43.6,0,6,0.87,1,-5.1,0.6,777,1
9.7,1,1,55.8,0,6,0.6,4,7.5,0.81,570,1
18.5,0,3,91.2,0,4,0.66,3,-5.5,0.43,287,1
21.6,1,2,4.1,0,2,0.6,2,-4.3,0.78,153,1
4.1,1,3,3.6,0,2,0.98,4,-5.1,0.25,141,1
3.2,2,1,14.5,2,3,0.7,1,6.1,0.12,258,0
27.7,0,2,21.7,2,3,0.68,1,13.8,0.66,66,0
3.9,2,0,39.5,2,6,0.67,2,7.9,0.15,462,0
4.9,1,0,11.8,2,1,0.61,2,11.5,0.33,95,0
2.7,1,1,41.1,2,6,0.82,5,21.9,0.84,301,0
1.3,0,3,65.1,4,2,0.7,0,-0.8,0.34,881,1
11.7,2,1,53.4,4,4,0.91,5,-1.0,0.12,85,1
7.0,1,1,24.4,1,6,0.86,1,11.4,0.75,74,0
14.6,2,1,55.8,2,2,0.91,6,-8.1,0.44,148,1
1.5,2,1,61.2,0,3,0.91,1,-3.3,0.23,367,1
13.0,3,3,81.7,0,7,0.98,4,11.4,0.23,269,0
6.1,3,1,6.6,3,7,0.74,1,-7.6,0.57,162,1
44.4,2,1,89.7,1,4,0.94,1,1.1,0.8,57,0
12.5,0,1,58.9,5,5,0.9,5,14.5,0.63,190,0
5.1,3,1,117.0,2,5,0.83,0,6.9,0.88,752,1
13.9,0,1,11.9,1,1,0.95,4,8.7,0.39,147,0
49.7,2,1,4.2,1,4,0.72,3,1.7,0.39,21,1
12.9,2,3,69.0,2,5,0.83,2,-4.8,0.11,107,1
4.6,1,0,19.1,2,2,0.52,2,0.6,0.09,84,1
12.6,1,2,0.7,2,2,0.88,2,1.9,0.83,53,0
2.8,2,2,41.2,3,1,0.78,6,-9.7,0.73,66,1
17.2,1,3,20.2,1,3,0.97,4,-3.0,0.34,123,1
22.8,3,1,10.4,4,1,0.97,2,3.9,0.58,42,0
10.4,0,3,13.7,1,3,0.93,1,10.8,0.3,259,0
15.2,2,3,13.1,2,4,0.86,2,1.7,0.12,147,0
20.8,2,0,18.7,6,5,0.76,4,9.0,0.6,1091,0
6.6,2,1,21.8,1,1,0.56,2,6.6,0.89,71,0
1.6,0,1,9.2,0,3,0.58,1,15.5,0.85,133,0
28.1,0,1,45.5,1,7,0.52,2,13.6,0.67,70,1
12.8,3,2,46.9,1,3,0.79,2,24.8,0.18,132,0
39.0,1,0,127.1,2,4,0.83,1,5.8,0.57,240,1
2.7,2,3,79.8,2,2,0.59,2,8.4,0.6,931,0
26.1,2,0,83.4,0,2,0.74,2,7.2,0.13,311,0
38.0,1,3,25.9,1,7,0.74,8,5.0,0.27,166,0
5.5,2,3,88.4,1,3,0.97,2,3.4,0.3,186,0
31.2,1,0,12.5,2,6,0.82,2,5.1,0.22,118,0
14.3,2,0,27.1,3,1,0.89,5,-1.9,0.95,47,1
1.3,3,3,17.9,1,2,0.96,2,2.4,0.4,83,0
5.9,2,0,64.2,1,1,0.99,2,-0.2,0.75,72,0
5.4,0,0,13.2,1,4,0.94,5,1.2,0.22,138,0
32.2,0,3,20.0,0,4,0.93,6,3.4,0.69,258,0
3.3,1,0,106.0,1,4,0.68,1,8.1,0.31,55,1
3.3,2,3,23.0,0,4,0.87,2,2.7,0.22,310,0
12.8,3,1,8.0,2,5,0.69,5,-1.3,0.65,424,1
3.4,1,0,12.3,1,6,0.87,1,-9.5,0.3,160,1
8.9,1,0,58.9,3,0,0.8,0,6.2,0.14,620,0
27.9,1,0,14.6,2,6,0.85,3,5.5,0.43,76,0
27.7,2,1,1.6,1,2,0.79,4,7.9,0.24,126,0
46.1,2,3,71.5,3,3,0.53,1,16.6,0.33,125,0
24.8,2,0,72.6,4,5,0.92,1,14.5,0.71,105,0
62.0,2,3,40.4,3,4,0.86,1,15.5,0.69,570,0
1.7,1,0,35.0,3,1,0.88,0,11.4,0.91,116,0
43.1,1,1,58.9,1,2,0.52,5,-4.3,0.44,62,1
1.5,1,3,1.4,1,2,0.87,2,10.9,0.31,140,0
28.3,0,1,67.9,3,5,0.72,1,8.1,0.63,154,0
1.4,0,0,6.5,2,1,0.68,2,14.6,0.15,116,0
7.7,1,3,9.4,0,2,0.78,1,16.3,0.78,78,0
22.4,1,3,1.3,2,6,0.89,4,0.0,0.78,30,1
5.8,0,0,39.2,3,4,0.52,2,5.2,0.59,114,0
6.9,2,0,13.1,4,3,0.92,2,9.7,0.24,347,0
15.4,0,0,34.0,2,3,0.75,1,17.9,0.64,136,0
1.6,3,0,40.2,2,1,0.74,3,5.5,0.15,36,0
19.2,0,0,64.5,3,3,0.88,1,8.9,0.66,21,0
4.5,0,2,23.3,5,3,0.89,5,-1.2,0.82,371,1
28.9,0,1,5.7,2,3,0.97,10,-1.7,0.36,228,1
8.8,0,0,49.8,2,2,0.83,3,-0.8,0.27,142,1
11.5,0,3,35.3,4,3,0.54,3,2.2,0.79,300,0
2.2,2,0,1.4,1,2,0.81,5,16.9,0.53,114,0
13.8,1,1,175.6,5,3,0.89,2,5.2,0.8,465,0
4.2,1,0,16.0,4,1,0.8,1,4.9,0.48,324,0
14.7,0,0,12.6,0,4,0.95,0,7.6,0.51,33,0
4.3,2,3,27.6,1,2,0.54,1,2.8,0.13,276,0
5.4,1,0,39.6,2,5,0.77,2,18.3,0.13,130,0
61.3,2,1,27.9,0,4,0.94,1,-0.1,0.79,98,1
6.0,0,3,34.6,1,6,0.87,0,9.2,0.39,23,0
3.7,1,1,32.2,2,6,0.76,4,16.8,0.57,45,0
3.3,2,1,44.6,3,2,0.8,2,1.4,0.9,462,1
1.5,2,0,9.2,2,2,0.54,2,17.7,0.52,230,0
5.7,0,2,10.6,2,1,0.78,1,16.7,0.65,206,0
24.9,1,2,4.3,2,3,0.73,1,12.4,0.1,90,0
7.1,2,1,94.2,4,4,0.59,3,-0.8,0.56,115,1
2.0,1,0,34.1,2,5,0.86,4,1.9,0.47,58,1
30.4,1,0,42.9,2,6,0.75,2,-0.2,0.19,717,1
28.8,2,3,42.9,1,8,0.96,4,7.8,0.91,177,0
19.9,0,1,23.1,1,1,0.92,0,22.8,0.83,327,0
5.0,0,0,125.5,1,2,0.68,3,15.9,0.18,161,0
6.1,2,0,40.5,0,2,0.71,1,0.1,0.35,537,0
20.6,3,3,21.0,1,3,0.88,0,6.6,0.68,57,0
26.6,0,0,13.5,0,2,0.82,2,9.9,0.72,45,0
8.8,1,3,137.9,1,3,0.96,4,1.5,0.11,243,0
2.2,2,2,22.2,1,5,0.92,6,10.7,0.07,257,0
19.4,2,2,2.0,3,4,0.79,7,-10.3,0.28,149,1
11.3,1,3,29.8,2,5,0.88,2,-0.9,0.16,222,1
3.8,1,1,97.1,1,4,0.83,3,-1.8,0.83,97,1
13.1,1,1,38.1,2,5,0.61,0,14.5,0.81,165,0
16.5,1,2,15.6,1,4,0.89,4,17.0,0.3,115,0
6.5,0,1,18.1,1,2,0.79,1,24.1,0.41,307,0
14.9,3,0,2.7,1,4,0.89,2,6.7,0.2,128,0
64.5,1,1,5.0,1,4,0.91,4,-5.3,0.89,113,1
13.7,2,3,48.4,2,1,0.84,1,8.1,0.88,91,0
11.0,1,3,17.6,3,1,0.55,2,-0.3,0.19,138,1
5.0,3,1,30.6,1,2,0.59,0,10.4,0.63,36,1
10.3,3,0,7.1,4,6,0.95,1,20.2,0.36,268,0
7.9,0,0,45.1,3,2,0.85,1,10.0,0.64,294,0
5.7,0,1,11.2,4,4,0.59,2,1.2,0.67,277,1
24.1,2,3,50.2,2,3,0.76,4,5.5,0.23,49,0
5.9,0,0,12.6,4,3,0.73,1,19.3,0.09,46,0
9.6,3,3,15.5,3,1,0.86,2,-8.5,0.78,41,1
14.8,1,1,8.8,2,3,0.81,3,7.6,0.55,44,0
12.4,2,3,10.7,3,2,0.7,1,16.7,0.69,251,0
5.5,2,3,12.3,0,3,0.88,6,3.7,0.5,919,0
9.9,2,0,97.7,1,5,0.84,5,8.4,0.77,50,1
10.3,2,3,78.2,3,1,0.87,2,0.9,0.42,180,0
23.4,3,0,1.1,1,4,0.97,2,0.5,0.49,504,1
2.3,1,0,53.5,4,3,0.82,1,3.5,0.25,422,0
15.1,0,1,40.9,3,5,0.85,3,4.5,0.52,168,0
12.0,1,0,52.6,0,3,0.66,5,-5.7,0.85,178,1
14.7,1,0,26.5,1,2,0.88,1,5.5,0.54,104,0
2.8,1,3,138.4,2,3,0.65,3,3.6,0.53,64,0
4.9,0,1,18.1,1,1,0.77,3,10.1,0.78,53,0
15.6,2,1,43.6,2,2,0.65,3,14.1,0.59,269,0
6.4,1,1,38.7,1,3,0.86,1,13.5,0.16,49,0
23.2,0,0,64.9,5,4,0.86,1,1.9,0.19,425,1
3.5,1,1,32.5,2,3,0.88,0,6.9,0.57,427,0
6.1,0,0,79.4,0,4,0.96,2,-2.2,0.95,91,1
6.5,1,3,14.0,1,1,0.93,3,0.1,0.29,53,0
3.2,1,3,3.3,2,4,0.88,0,5.9,0.71,140,0
3.4,2,0,35.0,2,5,0.8,3,16.3,0.63,221,0
3.6,1,1,52.3,0,3,0.82,1,-0.9,0.69,368,1
3.1,0,2,123.9,4,2,0.9,2,15.9,0.53,24,0
3.6,1,1,31.4,1,2,0.71,1,19.7,0.56,206,0
5.8,2,0,29.1,3,3,0.72,4,7.1,0.66,547,0
29.7,0,2,74.8,2,2,0.56,4,5.3,0.94,30,0
6.9,3,1,90.1,3,3,0.59,4,-6.0,0.4,253,1
6.7,2,2,114.3,1,1,0.91,0,6.4,0.82,551,0
2.1,2,3,11.4,1,4,0.92,6,-6.1,0.53,158,1
5.9,2,3,10.1,1,3,0.72,4,6.2,0.27,264,0
15.7,2,0,18.8,1,2,0.86,6,5.0,0.05,243,0
11.8,3,3,111.0,1,5,0.83,0,12.2,0.71,548,0
30.8,0,1,6.6,3,5,0.98,3,6.4,0.9,304,0
9.0,1,3,68.6,0,6,0.86,2,-0.2,0.86,48,1
11.1,1,1,133.2,0,4,0.98,1,-1.6,0.18,52,1
12.7,1,0,91.9,4,3,0.86,4,7.1,0.23,72,0
8.4,0,1,6.9,1,3,0.8,3,1.1,0.95,50,1
25.7,0,1,5.6,3,1,0.91,3,14.6,0.07,101,0
1.9,2,1,41.7,2,4,0.81,2,18.5,0.39,82,0
3.3,1,1,12.6,1,4,0.73,2,2.7,0.42,242,0
1.7,0,1,10.1,1,0,0.94,2,5.4,0.73,178,0
13.7,0,1,39.0,3,5,0.85,2,6.2,0.43,36,0
12.9,2,1,7.4,0,3,0.87,5,20.0,0.42,132,0
3.2,2,1,84.9,0,4,0.73,3,21.1,0.58,187,0
8.0,1,0,15.3,0,4,0.87,1,10.7,0.07,174,0
14.3,1,3,12.8,1,1,0.72,1,12.5,0.26,249,0
1.5,0,1,13.6,1,2,0.93,2,7.9,0.34,166,0
29.2,1,2,15.9,1,2,0.42,3,16.3,0.81,223,0
26.5,2,1,5.8,2,2,0.76,0,-8.2,0.71,424,1
15.0,2,1,12.8,2,4,0.95,3,13.0,0.19,138,0
7.3,1,0,4.6,5,3,0.64,5,1.4,0.85,97,1
13.1,1,0,12.6,2,2,0.91,3,7.5,0.67,262,0
1.4,0,0,173.1,2,2,0.81,4,7.8,0.57,458,0
1.2,2,3,36.4,2,3,0.83,2,3.3,0.6,229,0
10.1,3,3,114.3,3,2,0.61,4,13.4,0.44,319,0
15.7,2,1,4.7,2,1,0.73,1,9.8,0.69,650,0
19.7,3,0,57.2,2,2,0.75,4,7.6,0.38,75,0
6.3,2,1,88.4,0,1,0.75,2,17.9,0.06,35,0
19.1,1,0,10.2,1,2,0.86,3,9.4,0.42,258,0
1.9,1,0,48.6,3,3,0.95,3,6.7,0.49,238,0
34.9,1,1,0.7,0,4,0.55,3,26.5,0.64,32,0
13.8,2,3,18.4,2,1,0.97,0,14.3,0.25,114,0
5.0,2,0,76.2,2,0,0.91,1,6.5,0.49,156,0
11.6,0,1,25.4,1,3,0.71,2,6.1,0.94,258,0
9.1,2,1,9.6,1,3,0.77,1,22.2,0.38,126,0
26.0,2,1,46.2,1,5,0.65,3,-10.1,0.51,538,1
6.2,1,0,13.5,1,3,0.88,1,14.1,0.25,392,0
18.6,3,2,6.5,0,5,0.72,5,1.4,0.78,51,1
12.7,1,2,41.3,2,4,0.85,2,-1.0,0.65,254,1
15.7,2,1,124.6,3,4,0.69,1,2.3,0.48,260,0
2.5,1,1,55.2,1,10,0.79,3,11.4,0.25,246,0
5.2,0,1,17.3,1,3,0.81,1,6.9,0.4,347,0
8.4,1,0,94.9,1,2,0.77,1,20.8,0.37,672,0
35.1,3,3,3.3,3,2,0.74,2,13.1,0.49,31,0
29.7,1,0,7.6,1,2,0.67,2,11.6,0.27,189,0
8.7,1,2,34.7,0,1,0.61,2,-4.4,0.64,605,1
1.6,2,1,46.5,2,1,0.91,5,-1.5,0.28,46,1
3.2,0,2,9.9,1,4,0.73,1,19.1,0.74,180,0
5.5,0,2,0.8,1,4,0.7,4,-1.2,0.52,148,1
17.3,2,1,35.8,2,2,0.9,3,-3.0,0.83,199,1
19.7,2,1,6.1,3,2,0.68,4,-2.6,0.58,34,1
9.0,2,1,5.4,1,3,0.68,4,16.1,0.89,227,0
10.9,0,1,29.9,0,3,0.94,3,9.3,0.8,148,0
1.2,0,0,1.6,2,1,0.74,1,19.6,0.95,273,0
9.4,1,0,29.2,0,2,0.79,3,8.1,0.09,190,0
29.5,1,3,84.0,1,4,0.82,0,0.4,0.35,75,0
1.2,0,0,9.4,3,1,0.78,1,11.4,0.82,62,0
10.4,0,2,2.1,1,1,0.92,0,-7.4,0.6,58,1
23.8,0,1,106.3,1,5,0.82,2,12.2,0.88,150,0
6.8,2,3,10.0,0,2,0.66,2,10.5,0.69,66,0
30.8,0,3,5.8,1,4,0.93,2,-11.7,0.55,195,1
12.5,1,1,87.0,2,1,0.68,2,4.4,0.58,472,0
4.0,2,3,27.4,1,4,0.83,2,-2.4,0.49,682,1
9.5,1,0,46.5,2,1,0.92,1,-1.2,0.18,77,1
4.9,2,0,8.9,1,3,0.86,1,11.7,0.24,34,0
21.7,0,0,3.9,0,7,0.93,1,-10.0,0.7,269,1
4.6,3,1,58.3,0,3,0.94,2,0.1,0.41,631,1
5.3,1,1,28.9,1,2,0.88,2,12.2,0.89,100,0
27.5,2,0,2.9,1,4,0.9,5,-0.3,0.14,109,1
5.2,1,1,44.5,2,5,0.56,1,6.1,0.14,490,0
4.4,3,0,33.5,2,2,0.8,2,9.5,0.28,316,0
15.7,2,2,36.0,2,1,0.51,4,-13.2,0.05,86,1
4.5,1,0,27.8,1,6,0.94,2,1.8,0.36,188,0
8.5,0,1,16.4,2,2,0.85,1,9.5,0.54,68,0
5.1,1,3,10.3,0,3,0.89,3,13.5,0.31,91,0
1.4,2,1,10.8,3,2,0.73,0,2.8,0.5,61,0
5.2,2,1,36.0,2,5,0.95,2,14.1,0.92,72,0
2.0,3,1,46.5,0,3,0.82,1,-14.1,0.33,286,1
1.8,1,3,86.1,2,1,0.83,2,3.3,0.54,376,0
21.5,1,3,17.5,2,2,0.78,0,12.3,0.78,27,0
5.8,3,0,49.5,2,1,0.91,2,8.0,0.93,544,0
26.4,3,1,107.2,1,1,0.71,4,3.9,0.42,133,0
12.8,3,1,94.6,1,6,0.86,0,-1.5,0.18,189,1
4.2,2,1,9.4,1,1,0.85,2,7.8,0.14,60,0
4.2,1,0,25.4,1,3,0.87,4,-0.1,0.67,69,1
11.2,0,2,2.8,1,1,0.92,1,2.8,0.69,25,0
23.9,3,3,88.4,0,4,0.68,5,6.2,0.36,69,0
16.6,1,2,89.9,1,6,0.94,5,-0.5,0.32,53,1
25.3,1,3,32.0,0,3,0.59,4,6.6,0.33,27,0
17.5,2,1,46.8,2,7,0.85,2,8.1,0.59,117,0
6.8,1,1,25.3,2,1,0.85,1,3.0,0.41,255,0
5.5,1,3,21.6,3,4,0.76,3,1.8,0.89,37,1
14.8,0,3,66.6,2,4,0.95,3,1.5,0.43,141,0
9.7,1,1,24.2,3,4,0.63,4,12.8,0.55,257,1
8.2,1,2,60.7,5,4,0.86,4,2.9,0.27,144,0
1.9,1,1,6.8,4,5,0.87,1,18.8,0.39,46,0
9.6,1,1,37.8,4,2,0.84,3,13.1,0.42,343,0
20.0,1,0,46.0,4,4,0.82,3,14.8,0.21,405,0
2.6,0,1,105.1,2,1,0.91,1,12.6,0.88,48,0
5.6,1,0,6.0,3,3,0.78,2,-12.8,0.29,201,1
6.4,1,0,32.5,0,3,0.67,5,9.5,0.42,242,0
4.6,1,3,20.2,1,1,0.84,3,-2.8,0.43,334,1
2.7,0,0,29.4,1,4,0.75,3,2.9,0.69,324,0
8.8,0,1,20.0,1,2,0.84,2,12.0,0.07,252,0
82.1,1,1,75.2,3,1,0.78,2,23.6,0.75,35,0
15.8,2,1,9.2,2,2,0.85,3,12.7,0.61,82,0
16.0,1,1,177.3,2,3,0.82,3,-6.0,0.42,93,1
13.8,3,3,8.2,1,2,0.56,2,4.8,0.23,42,0
1.4,3,1,10.7,1,2,0.72,4,11.9,0.18,25,0
14.9,2,3,8.7,2,2,0.77,1,-1.4,0.56,22,1
27.7,3,2,23.1,3,3,0.85,0,-8.7,0.44,71,1
41.3,1,2,5.8,4,4,0.84,3,-3.2,0.29,405,1
11.6,2,1,4.4,1,3,0.76,7,2.1,0.48,432,0
17.6,3,0,27.8,1,1,0.94,2,-5.7,0.89,273,1
4.8,0,3,20.4,2,3,0.84,1,12.4,0.29,43,0
22.8,0,0,10.3,2,2,0.86,2,6.4,0.83,641,0
13.2,1,2,15.3,1,1,0.96,2,17.2,0.29,32,0
5.5,3,3,18.6,1,3,0.72,3,-1.5,0.75,68,1
1.8,1,1,7.5,0,2,0.7,5,25.4,0.2,34,0
3.6,1,3,27.8,1,1,0.98,1,4.9,0.22,181,0
2.1,1,3,12.7,1,4,0.79,1,10.4,0.12,116,0
14.2,1,0,55.7,7,2,0.64,4,6.5,0.6,135,0
6.9,0,1,3.7,1,1,0.63,4,6.0,0.26,308,0
33.1,0,0,21.3,4,3,0.75,3,6.6,0.19,335,0
44.2,1,1,34.1,2,4,0.56,5,7.5,0.06,84,1
10.2,3,1,30.6,2,3,0.92,5,-7.1,0.13,290,1
4.5,2,1,32.2,1,6,0.75,1,11.1,0.31,1319,0
2.1,1,1,11.1,2,4,0.84,2,12.0,0.72,270,0
1.1,2,2,26.7,2,2,0.95,4,-1.3,0.38,40,1
53.8,0,0,24.0,3,2,0.77,1,7.9,0.74,334,0
11.9,2,1,160.7,0,6,0.87,3,11.8,0.33,91,1
4.0,2,2,34.3,1,1,0.53,5,10.2,0.25,375,0
1.9,1,3,10.0,0,2,0.96,2,9.8,0.86,618,0
10.1,1,0,2.5,3,3,0.71,4,9.4,0.41,201,0
16.9,0,0,4.1,1,2,0.83,1,6.1,0.74,378,0
4.5,2,2,71.7,1,2,0.9,2,3.3,0.37,96,0
2.4,1,3,19.7,1,2,0.89,1,11.6,0.42,227,0
10.3,0,1,10.6,3,7,0.81,2,-4.5,0.63,182,1
31.2,2,1,95.0,4,5,0.75,1,1.2,0.16,378,1
23.5,1,1,99.8,0,5,0.82,1,9.6,0.85,200,0
14.1,0,2,22.3,2,2,0.9,4,10.9,0.17,55,0
18.1,2,3,13.0,5,5,0.81,1,10.7,0.59,308,0
24.6,1,1,24.2,5,0,0.64,0,5.4,0.14,221,0
28.1,1,2,140.2,2,3,0.96,3,8.2,0.72,22,0
4.9,2,1,19.4,1,2,0.95,3,-12.6,0.92,846,1
7.3,0,3,57.3,2,3,0.72,3,6.1,0.56,128,0
11.7,1,0,8.4,0,5,0.85,4,-10.9,0.83,90,1
3.0,1,0,17.7,6,5,0.73,1,7.2,0.6,30,0
10.8,1,1,22.7,3,2,0.61,5,8.6,0.51,223,0
4.2,1,1,58.0,1,1,0.89,1,18.9,0.32,186,0
19.0,1,1,6.2,0,5,0.77,2,20.2,0.21,85,0
13.2,1,3,56.9,6,4,0.96,2,3.0,0.74,420,0
10.0,1,1,153.0,2,3,0.72,3,6.4,0.41,444,0
2.2,1,2,34.3,1,5,0.81,3,3.4,0.44,64,0
7.6,1,2,25.4,2,3,0.83,2,0.9,0.25,649,1
20.5,1,2,171.6,1,2,0.76,1,6.6,0.56,537,0
32.8,1,3,48.5,0,3,0.89,5,18.3,0.76,258,0
13.6,2,1,33.1,2,0,0.67,0,-15.4,0.43,62,1
36.3,0,3,48.6,1,3,0.89,3,4.5,0.7,80,0
8.3,2,1,43.1,1,2,0.94,1,8.8,0.2,217,0
7.5,3,0,64.4,1,2,0.87,2,4.7,0.17,75,1
1.6,1,1,17.8,4,3,0.63,3,0.9,0.14,642,1
19.0,2,3,19.3,1,1,0.91,2,9.3,0.64,24,0
19.4,0,1,14.7,2,3,0.77,4,17.4,0.49,339,0
2.7,2,3,15.0,1,2,0.8,4,0.2,0.07,120,0
21.8,1,1,22.8,1,1,0.68,1,7.3,0.54,32,0
4.0,3,1,21.4,1,2,0.8,4,-2.0,0.44,301,1
2.8,3,3,19.8,0,6,0.98,1,14.5,0.25,92,0
4.4,2,1,31.9,1,1,0.96,3,14.2,0.49,532,0
9.5,3,0,15.8,6,4,0.76,2,8.4,0.6,244,0
8.7,1,2,17.2,1,5,0.97,2,6.6,0.29,132,0
6.9,0,1,22.7,1,4,0.96,1,5.0,0.53,67,0
9.7,2,3,101.7,2,1,0.62,4,6.8,0.13,37,0
5.1,2,1,9.6,1,3,0.89,6,6.9,0.83,160,0
12.0,1,0,29.5,4,1,0.68,2,11.4,0.35,297,0
12.8,1,3,33.0,0,2,0.79,4,14.5,0.35,253,0
3.0,2,0,47.4,6,2,0.71,3,20.3,0.75,65,0
10.1,1,0,4.5,0,2,0.84,0,0.2,0.6,86,1
3.1,2,3,7.8,1,4,0.93,2,5.9,0.61,100,0
10.9,2,2,16.8,0,5,0.79,3,6.5,0.34,769,0
2.3,0,0,9.3,2,1,0.91,6,7.4,0.81,79,0
37.7,3,0,81.8,1,5,0.88,1,9.5,0.37,52,1
26.9,3,0,29.6,2,6,0.94,4,5.0,0.53,23,0
9.7,1,3,64.3,2,9,0.95,4,9.5,0.12,181,0
1.9,3,1,3.2,1,3,0.85,1,9.3,0.46,68,0
1.8,2,1,46.7,2,2,0.9,1,5.7,0.39,31,0
29.5,1,3,1.6,1,7,0.53,2,3.4,0.44,620,0
2.6,0,1,102.0,3,6,0.93,2,-1.2,0.88,52,1
6.2,1,1,60.6,2,4,0.68,5,3.1,0.68,481,0
5.6,1,1,8.3,2,6,0.8,6,7.6,0.64,137,0
12.2,3,0,12.1,2,3,0.95,1,7.7,0.32,192,0
29.8,1,1,62.2,1,3,0.59,0,-0.7,0.79,90,1
30.1,1,0,2.8,1,1,0.91,4,-2.9,0.57,194,0
1.7,1,0,89.8,1,4,0.92,1,-4.8,0.22,23,1
1.3,2,3,19.6,3,5,0.74,3,0.5,0.85,137,0
18.9,1,1,59.5,1,4,0.83,1,3.1,0.51,158,0
15.3,2,0,30.9,2,6,0.8,0,10.6,0.66,104,0
2.9,1,2,30.7,1,2,0.76,3,6.4,0.14,175,0
7.5,1,3,5.9,2,5,0.82,2,-2.6,0.77,149,1
2.5,1,2,46.2,1,3,0.87,5,12.5,0.5,476,0
5.2,0,3,9.3,3,4,0.8,3,-0.2,0.81,225,1
8.2,2,2,88.7,0,3,0.91,3,-3.1,0.44,441,1
65.8,1,0,14.1,2,7,0.84,2,26.2,0.55,209,0
9.5,1,3,39.1,2,3,0.76,2,-9.8,0.48,194,1
22.9,1,1,24.6,2,2,0.9,1,12.3,0.82,200,0
10.4,2,0,5.2,0,1,0.75,1,8.8,0.86,155,0
19.6,0,0,5.0,1,2,0.79,4,17.7,0.36,48,0
17.5,1,0,56.7,3,6,0.95,1,5.0,0.39,94,0
3.3,1,1,21.2,3,2,0.91,2,12.8,0.53,43,0
33.6,2,0,2.6,1,1,0.57,3,15.6,0.9,184,0
2.9,0,3,16.8,4,6,0.93,3,13.3,0.47,548,0
30.4,2,1,59.7,0,2,0.72,1,5.0,0.6,499,0
17.1,2,1,79.4,2,4,0.95,3,12.3,0.48,581,0
11.4,2,3,40.0,1,6,0.74,1,-7.7,0.8,309,1
78.8,1,0,21.6,0,3,0.92,2,0.6,0.7,120,0
23.3,0,3,22.1,3,4,0.65,1,6.3,0.88,213,0
11.5,1,0,8.7,1,2,0.82,3,1.3,0.6,37,1
4.0,0,1,29.1,3,5,0.58,1,-6.9,0.42,340,1
1.8,0,1,10.9,2,7,0.83,3,10.0,0.31,493,0
22.7,1,2,15.2,1,1,0.89,2,11.1,0.53,33,0
6.2,1,0,11.6,2,2,0.83,1,23.4,0.66,41,0
17.5,1,0,33.3,2,2,0.51,2,5.4,0.4,266,1
3.0,2,1,1.7,1,7,0.94,1,3.0,0.7,477,0
17.1,1,3,79.5,0,0,0.75,5,10.4,0.68,81,0
18.3,2,1,22.0,1,5,0.91,3,-7.9,0.42,86,1
12.0,1,2,67.5,2,7,0.72,0,-3.1,0.63,281,1
21.5,0,1,44.7,4,4,0.93,6,-0.5,0.46,107,1
7.2,1,1,13.9,4,4,0.94,2,9.0,0.7,241,0
12.1,1,3,24.0,0,2,0.97,2,12.6,0.07,99,0
3.4,0,2,5.3,0,1,0.93,6,-3.3,0.45,103,0
2.8,1,2,3.6,3,1,0.68,1,5.8,0.61,118,0
11.6,1,1,5.7,1,1,0.87,0,18.1,0.19,689,0
15.7,1,3,9.9,3,2,0.8,5,5.3,0.09,25,0
17.7,0,1,79.5,7,3,0.71,2,6.0,0.62,215,0
8.2,2,0,5.0,3,4,0.57,2,15.0,0.86,106,0
3.6,2,2,91.6,3,1,0.89,0,1.3,0.94,387,1
10.8,2,3,10.0,5,5,0.95,5,20.8,0.72,260,0
4.2,2,0,11.6,4,1,0.7,2,4.6,0.67,121,0
1.3,1,1,22.6,3,4,0.78,1,-4.8,0.91,59,1
4.4,3,1,116.9,2,2,0.91,2,22.8,0.11,237,0
9.1,1,0,26.1,1,5,0.76,2,14.1,0.83,98,0
3.4,1,3,14.8,3,4,0.88,3,1.7,0.38,181,1
1.9,1,1,67.9,1,3,0.99,4,2.3,0.28,351,0
3.4,0,1,2.5,2,4,0.92,0,-2.3,0.19,89,1
3.5,1,1,13.1,1,2,0.97,1,12.5,0.23,175,0
13.5,2,2,152.9,1,2,0.78,6,5.8,0.13,463,0
9.0,0,3,12.7,0,5,0.82,3,4.4,0.07,520,0
4.2,2,1,70.4,1,5,0.82,2,10.4,0.22,112,0
4.3,2,0,129.9,0,5,0.89,1,16.2,0.15,394,0
16.7,2,1,17.9,3,5,0.93,1,11.2,0.08,453,0
19.6,1,2,24.5,0,1,0.9,3,-6.8,0.79,140,1
2.7,2,3,23.1,2,2,0.6,1,10.8,0.42,182,0
17.7,0,1,6.1,2,3,0.87,1,2.0,0.35,329,0
14.7,0,0,54.5,0,4,0.74,3,5.3,0.32,37,0
3.7,1,1,22.4,1,5,0.92,1,8.1,0.8,106,0
2.1,1,1,20.4,4,3,0.71,2,-4.7,0.92,30,1
19.8,0,1,13.3,2,8,0.48,2,9.4,0.45,302,1
7.1,1,0,22.9,2,2,0.88,5,5.1,0.58,101,0
43.0,1,0,9.6,1,3,0.85,3,7.6,0.48,640,0
16.9,3,3,9.2,1,4,0.67,3,5.7,0.25,222,0
7.0,1,1,21.5,2,4,0.85,2,-1.4,0.28,73,1
1.2,1,0,123.4,2,4,0.74,2,7.0,0.52,33,1
2.9,2,3,19.8,3,3,0.91,3,-2.9,0.63,28,1
6.6,0,0,116.9,2,4,0.68,4,12.8,0.15,57,1
14.7,1,1,34.8,3,3,0.75,4,4.3,0.58,25,0
11.1,1,3,27.9,4,2,0.92,3,11.3,0.46,149,0
47.5,2,3,28.6,1,5,0.71,3,4.2,0.5,122,0
10.0,0,3,20.4,3,3,0.59,5,1.1,0.32,662,0
18.1,1,3,29.5,0,3,0.96,3,13.3,0.38,372,0
3.8,1,1,6.2,0,4,0.64,0,12.2,0.74,959,1
18.6,1,2,15.3,5,5,0.87,2,3.9,0.62,357,0
23.2,1,1,37.1,0,4,0.84,0,-4.8,0.72,66,1
8.3,2,3,46.7,3,8,0.53,2,-0.5,0.1,176,1
7.7,1,1,61.0,2,2,0.91,5,-10.8,0.58,217,1
59.9,1,1,10.9,1,1,0.91,0,8.5,0.29,57,0
5.7,2,1,4.0,3,2,0.98,2,7.4,0.68,123,0
8.3,1,1,3.6,2,1,0.74,3,7.2,0.41,48,0
4.3,2,2,2.3,1,2,0.92,2,2.4,0.37,95,0
8.0,0,0,6.4,0,3,0.73,0,20.2,0.24,119,0
27.2,0,3,70.4,2,1,0.68,2,2.0,0.37,83,0
2.7,3,1,44.7,3,4,0.95,3,7.2,0.52,51,0
8.0,3,3,39.3,4,3,0.82,0,-6.6,0.75,44,1
25.8,0,1,7.2,2,6,0.71,1,0.3,0.55,70,1
4.5,1,1,3.3,4,4,0.84,2,7.0,0.24,35,0
2.9,1,1,14.6,3,7,0.64,1,14.1,0.88,36,0
7.6,2,3,2.7,2,3,0.83,2,-3.5,0.88,108,1
11.1,1,1,6.4,1,3,0.93,1,4.3,0.2,140,0
8.6,1,0,61.8,2,1,0.94,3,4.7,0.79,118,0
11.9,1,0,62.0,1,4,0.65,3,-9.4,0.74,197,1
4.5,3,1,68.3,1,3,0.91,1,3.8,0.94,234,0
7.0,1,1,55.3,2,4,0.92,0,4.1,0.23,20,0
7.0,1,3,41.0,2,3,0.89,1,6.7,0.41,296,0
4.3,1,1,81.5,4,4,0.77,0,-1.7,0.45,188,1
55.9,0,0,30.1,1,3,0.79,1,-3.9,0.47,58,1
30.1,1,3,12.4,0,2,0.9,2,4.4,0.51,282,0
1.1,2,0,2.4,2,9,0.89,2,3.9,0.61,538,0
43.5,1,1,25.3,1,2,0.69,6,10.2,0.65,296,0
51.0,3,3,4.5,2,5,0.9,4,-5.6,0.51,166,1
3.2,0,0,83.9,1,2,0.91,3,6.8,0.44,303,0
10.0,2,3,13.9,0,3,0.69,2,-7.0,0.57,114,1
8.0,1,0,6.6,2,3,0.78,3,4.9,0.27,310,0
5.4,1,1,82.6,4,5,0.89,2,14.1,0.77,73,0
4.3,0,0,4.2,2,4,0.95,2,6.1,0.2,134,0
2.0,2,1,44.3,2,5,0.74,0,-2.7,0.28,36,1
22.4,1,2,33.2,1,1,0.74,1,4.0,0.6,359,0
8.1,3,1,8.5,5,6,0.86,1,6.6,0.23,174,0
33.2,2,3,31.5,3,0,0.7,5,11.5,0.47,409,0
1.5,0,1,28.2,3,4,0.97,6,-4.6,0.95,151,1
11.2,1,3,2.3,3,3,0.91,5,18.9,0.93,275,0
66.7,1,1,10.3,1,3,0.96,0,-3.2,0.32,291,0
5.4,1,1,36.4,1,1,0.8,0,1.3,0.38,277,0
4.3,0,0,69.9,1,7,0.79,2,8.7,0.07,30,0
2.9,3,0,40.8,1,3,0.92,1,12.0,0.77,38,0
2.3,2,3,65.6,2,6,0.58,4,14.3,0.64,132,0
10.8,1,3,13.9,3,2,0.49,1,11.4,0.52,164,0
4.2,1,3,6.2,1,3,0.91,1,-1.5,0.65,194,1
9.9,1,1,33.1,3,3,0.89,1,10.5,0.34,152,0
5.2,2,0,57.9,2,2,0.96,2,-4.1,0.55,196,1
13.5,0,3,14.8,6,3,0.67,0,-0.3,0.41,89,1
15.7,1,0,35.2,2,0,0.63,6,4.3,0.06,801,0
21.1,1,1,28.4,1,2,0.73,2,9.1,0.32,78,0
4.7,1,1,18.4,2,3,0.77,4,21.2,0.09,54,0
8.9,2,1,40.3,3,6,0.82,4,4.2,0.28,33,0
5.0,3,0,7.1,1,3,0.96,1,4.1,0.28,565,0
2.2,2,3,40.5,1,4,0.79,4,2.6,0.11,164,0
2.7,3,0,5.0,1,3,0.77,1,10.5,0.34,602,0
6.7,0,0,22.3,1,3,0.87,2,13.7,0.89,22,0
8.6,1,1,54.1,1,2,0.95,2,5.7,0.83,20,0
2.2,3,3,50.3,2,1,0.76,4,-20.9,0.76,135,1
2.1,2,3,23.9,1,2,0.6,7,9.7,0.64,365,0
31.2,1,3,12.0,7,3,0.92,0,-6.3,0.24,423,1
6.4,2,0,12.7,3,3,0.77,1,-0.0,0.84,312,1
15.2,0,3,12.6,4,2,0.93,3,13.2,0.5,119,0
2.6,2,1,46.7,2,1,0.76,1,9.9,0.64,49,0
7.6,0,2,62.3,0,6,0.67,3,19.2,0.51,408,0
15.3,0,1,4.7,3,5,0.79,3,-0.2,0.78,64,1
4.0,0,3,9.4,1,6,0.8,1,6.8,0.93,68,0
5.9,1,3,14.8,2,2,0.93,4,3.5,0.27,117,0
41.4,0,0,14.5,0,4,0.68,5,5.8,0.27,111,0
11.3,1,0,8.3,3,2,0.86,3,7.1,0.22,79,0
21.7,2,1,187.6,7,6,0.78,2,21.8,0.6,32,0
14.4,0,3,3.5,2,0,0.76,0,16.4,0.87,84,0
8.7,0,3,21.9,2,3,0.76,0,4.7,0.05,513,0
4.3,2,2,47.2,2,3,0.9,1,5.7,0.25,136,0
14.9,2,2,8.6,0,2,0.82,3,13.8,0.9,375,0
3.4,0,0,29.3,2,4,0.77,0,18.3,0.31,64,0
2.8,1,1,200.5,1,3,0.94,2,3.7,0.57,53,0
27.2,1,1,35.3,2,5,0.95,2,3.6,0.84,183,0
14.2,0,1,36.9,3,1,0.79,2,17.4,0.13,252,0
11.7,1,0,40.2,2,3,0.91,1,6.0,0.63,54,0
6.5,0,1,30.3,2,2,0.93,4,35.8,0.8,459,0
34.7,1,2,3.8,3,2,0.86,5,7.9,0.26,456,0
14.2,1,1,42.8,0,1,0.96,2,3.0,0.12,112,0
27.2,2,1,79.6,2,3,0.68,3,12.1,0.16,259,0
31.1,1,1,41.3,1,3,0.5,3,-1.3,0.22,87,1
7.6,0,0,4.1,0,3,0.63,1,4.2,0.73,563,0
7.7,2,2,31.0,1,6,0.84,1,2.7,0.78,450,0
40.1,0,3,9.7,1,3,0.99,3,12.4,0.47,28,0
2.6,1,3,195.3,2,5,0.89,1,6.9,0.67,268,0
33.7,1,0,18.7,2,5,0.86,6,-2.3,0.71,246,1
43.6,1,3,34.7,3,10,0.7,3,22.6,0.94,111,0
10.2,3,1,154.8,1,3,0.98,3,-2.0,0.54,443,1
22.9,1,1,39.2,1,4,0.84,3,2.5,0.8,39,0
13.0,2,1,99.4,4,1,0.72,1,4.8,0.85,68,0
67.2,1,2,19.9,0,3,0.94,2,2.0,0.12,46,0
4.5,0,0,9.9,1,3,0.9,5,17.2,0.91,313,0
3.3,1,3,23.5,2,5,0.72,0,5.8,0.51,176,0
14.2,1,2,13.6,2,1,0.89,3,-6.9,0.25,315,1
1.9,1,2,7.8,3,4,0.81,3,1.9,0.34,335,1
13.8,2,1,103.3,3,4,0.69,0,-3.6,0.65,150,1
24.7,1,1,31.0,1,4,0.89,1,8.5,0.26,179,0
19.9,1,1,37.9,0,5,0.68,3,1.0,0.31,262,1
2.8,2,1,18.0,1,5,0.72,4,-2.2,0.21,244,1
1.1,2,2,21.4,1,3,0.83,2,20.3,0.11,103,0
11.2,1,1,34.2,1,2,0.91,2,-3.0,0.62,59,0
1.4,1,3,18.8,2,2,0.95,3,11.2,0.34,252,0
5.1,3,0,51.7,2,5,0.87,2,0.0,0.25,290,1
2.9,1,2,31.2,1,2,0.69,4,-11.2,0.42,88,1
2.0,0,0,10.9,4,6,0.8,0,1.8,0.61,57,1
9.7,0,3,55.0,2,3,0.85,1,-11.0,0.9,111,1
5.9,1,1,29.9,0,5,0.68,1,0.4,0.73,146,1
3.8,2,3,27.2,1,2,0.96,5,8.5,0.37,119,0
34.1,0,0,34.2,3,4,0.87,4,6.3,0.91,280,0
3.0,0,1,11.5,2,2,0.74,2,2.9,0.26,139,0
2.9,1,1,12.2,2,6,0.74,2,14.0,0.53,145,0
3.4,1,3,69.9,3,2,0.73,1,7.9,0.8,392,0
3.7,0,3,4.8,2,5,0.68,3,-3.1,0.94,36,1
2.5,2,3,23.4,1,3,0.92,1,5.8,0.64,404,0
7.3,1,1,52.8,1,0,0.64,5,3.0,0.79,98,0
3.6,3,0,173.6,0,0,0.71,3,9.0,0.64,94,0
5.8,1,1,17.5,4,3,0.76,3,16.6,0.82,246,0
56.7,0,0,3.7,1,2,0.77,2,-1.3,0.72,31,1
4.9,0,1,37.8,4,5,0.73,1,29.5,0.1,243,0
3.8,2,1,23.9,3,1,0.88,4,6.7,0.74,29,0
20.3,1,1,4.8,1,1,0.84,3,3.0,0.7,113,0
5.2,1,3,22.0,1,6,0.79,2,15.2,0.89,76,0
16.4,1,1,8.0,4,8,0.7,3,-3.8,0.71,63,1
52.3,2,3,4.6,2,3,0.96,1,4.0,0.26,163,0
7.2,3,0,18.2,1,5,0.95,2,5.7,0.64,47,0
18.3,0,1,13.8,2,3,0.86,1,4.3,0.53,73,0
19.4,2,1,85.1,0,3,0.9,2,16.0,0.17,210,0
1.4,0,2,6.6,1,1,0.79,2,0.9,0.39,798,0
3.1,2,2,1.1,4,5,0.86,0,-3.1,0.14,20,1
11.3,1,0,71.3,1,4,0.8,1,4.2,0.08,166,0
3.8,1,0,52.2,0,1,0.55,3,9.9,0.83,162,0
3.5,2,3,129.7,0,6,0.91,1,18.5,0.5,131,0
24.0,0,3,23.8,1,0,0.9,4,2.6,0.14,61,0
8.8,3,3,58.6,1,6,0.85,2,0.9,0.16,102,0
37.3,1,2,9.5,1,1,0.9,3,-1.1,0.72,64,0
2.2,1,0,36.2,1,4,0.79,2,0.8,0.64,887,1
28.7,1,3,99.9,4,1,0.79,3,2.1,0.54,126,0
12.6,1,1,42.5,3,5,0.67,2,2.4,0.38,22,0
11.4,0,0,5.1,1,2,0.78,5,12.6,0.12,295,0
51.6,0,3,10.5,1,1,0.87,4,17.8,0.74,44,0
4.3,1,0,29.3,1,4,0.86,2,3.6,0.12,161,0
5.5,3,2,10.6,0,0,0.89,3,18.5,0.69,23,0
77.4,3,0,28.7,3,0,0.92,2,-1.1,0.36,58,1
11.8,2,1,4.9,1,5,0.73,1,8.1,0.46,66,0
4.3,1,0,21.0,1,2,0.57,4,8.1,0.61,489,0
61.7,0,2,31.7,4,3,0.95,1,27.4,0.74,277,0
7.5,0,2,26.3,1,1,0.99,3,18.9,0.57,413,0
18.3,2,0,14.3,2,3,0.86,2,12.1,0.51,798,0
10.3,3,0,12.8,4,1,0.86,1,-1.1,0.37,70,1
35.3,1,0,23.2,1,1,0.79,1,15.3,0.09,211,0
17.3,2,0,0.5,0,6,0.65,0,4.7,0.45,219,0
13.5,1,3,155.0,2,3,0.68,2,21.5,0.77,69,0
4.0,2,1,26.6,1,4,0.88,6,-2.7,0.28,111,1
13.3,1,1,83.1,2,1,0.85,3,20.6,0.4,516,0
13.3,2,2,14.2,2,2,0.82,3,-3.8,0.85,166,1
2.8,1,2,2.2,1,0,0.78,1,6.4,0.7,28,0
9.9,1,1,14.5,1,3,0.88,4,3.9,0.16,223,0
2.8,1,3,29.5,4,5,0.66,1,4.0,0.39,51,0
9.0,3,2,67.0,4,2,0.63,5,21.3,0.35,105,0
11.8,1,1,0.8,2,3,0.74,1,6.6,0.49,124,0
5.6,0,0,21.3,2,0,0.89,2,14.9,0.16,55,0
36.5,2,2,46.4,0,2,0.85,2,1.1,0.73,31,0
20.1,2,0,4.1,2,2,0.65,3,-4.3,0.94,141,1
24.9,1,1,4.1,4,2,0.77,0,-1.3,0.16,211,1
7.4,2,1,13.8,0,3,0.81,3,1.1,0.56,482,0
2.6,1,2,39.8,2,2,0.67,4,11.1,0.5,271,0
2.4,1,1,5.8,1,0,0.73,3,12.4,0.44,59,0
6.4,2,3,15.9,2,4,0.99,2,7.5,0.86,409,0
16.1,1,2,5.3,2,3,0.85,1,8.6,0.12,50,0
3.7,3,1,85.3,4,4,0.85,2,-6.1,0.59,188,1
2.4,1,3,18.1,3,4,0.91,3,-0.6,0.85,131,1
10.3,1,3,25.1,1,3,0.79,1,9.1,0.45,34,0
66.0,0,1,60.2,1,6,0.85,2,3.8,0.23,122,0
30.8,1,0,7.6,4,3,0.65,2,11.3,0.08,48,0
14.0,2,2,29.6,3,1,0.78,3,8.5,0.86,635,0
9.7,3,1,35.1,1,5,0.85,1,14.4,0.19,170,0
29.1,0,1,6.9,3,4,0.83,2,8.4,0.48,130,0
16.4,1,1,55.3,8,6,0.89,0,2.0,0.13,181,0
12.8,2,1,38.7,2,2,0.96,1,21.4,0.75,65,0
1.9,0,3,33.7,1,4,0.9,2,19.0,0.6,31,0
8.2,2,3,8.7,1,2,0.85,2,-2.7,0.35,172,1
23.8,0,0,169.2,3,3,0.94,0,9.2,0.72,145,0
34.9,3,0,47.4,2,4,0.55,1,4.3,0.28,193,1
18.6,0,3,56.2,2,1,0.42,0,7.1,0.43,57,0
1.6,0,2,166.9,3,6,0.82,2,-1.7,0.63,703,1
8.4,1,3,4.0,2,3,0.81,3,14.9,0.87,130,0
18.4,3,1,16.1,4,3,0.95,2,-4.1,0.69,102,1
3.1,2,3,6.1,0,2,0.9,1,14.8,0.68,158,0
13.8,1,1,43.1,4,3,0.76,3,6.9,0.33,72,0
5.0,0,0,7.5,1,3,0.84,1,10.5,0.36,206,0
18.5,0,0,41.1,1,4,0.93,5,-4.9,0.69,157,1
13.2,2,3,119.8,0,3,0.84,0,-6.5,0.62,49,1
12.0,1,3,37.7,3,7,0.85,1,-5.6,0.34,46,1
7.5,0,0,82.1,3,4,0.83,3,3.6,0.06,298,0
3.0,2,3,80.2,1,2,0.78,3,0.7,0.83,120,0
5.6,0,1,6.2,0,8,0.75,0,12.8,0.29,254,0
5.5,1,3,83.8,0,4,0.82,3,5.9,0.92,116,0
6.2,2,2,13.7,1,2,0.64,3,12.9,0.78,70,0
28.6,1,3,42.4,3,3,0.86,3,4.5,0.48,108,0
3.8,2,3,2.7,3,2,0.43,3,7.3,0.29,57,0
19.3,0,2,7.0,1,4,0.86,3,-2.3,0.94,187,1
2.2,1,1,51.0,2,4,0.93,10,6.8,0.66,501,0
10.0,2,3,27.2,2,3,0.86,3,13.8,0.32,84,0
16.8,1,1,16.5,3,2,0.78,3,13.2,0.46,485,0
13.6,1,3,6.8,5,2,0.79,1,-4.6,0.88,181,1
5.6,1,1,76.9,1,0,0.9,4,8.7,0.71,210,0
1.2,2,3,3.7,1,4,0.97,1,9.5,0.28,230,0
1.1,1,3,19.2,2,3,0.89,2,4.6,0.87,326,0
10.9,1,1,2.5,1,2,0.93,3,-1.4,0.17,399,0
39.9,2,0,125.7,2,2,0.88,4,9.7,0.64,88,0
17.0,1,1,85.3,3,3,0.72,1,8.9,0.76,44,0
6.8,1,3,102.5,5,0,0.77,1,8.6,0.73,67,0
11.5,2,0,11.0,3,3,0.75,2,1.8,0.15,335,0
21.2,0,0,37.4,1,4,0.74,1,6.5,0.38,28,0
45.3,2,3,9.8,0,3,0.7,1,-3.0,0.9,377,1
23.7,0,1,18.5,3,8,0.66,4,-1.4,0.38,75,1
18.2,0,1,55.5,0,6,0.9,4,1.1,0.75,72,1
8.1,2,1,4.8,1,1,0.54,2,19.1,0.56,24,0
8.6,2,2,52.8,4,3,0.69,4,-2.5,0.36,113,1
11.6,3,1,10.9,1,5,0.8,3,-11.4,0.85,46,1
10.2,0,2,22.2,2,4,0.77,2,10.0,0.41,175,0
13.2,0,0,26.2,1,0,0.91,4,0.4,0.49,204,0
15.7,1,0,0.9,1,6,0.8,6,0.3,0.1,250,1
10.6,1,1,8.9,3,3,0.82,6,2.6,0.62,39,0
28.7,1,2,6.7,2,5,0.71,2,8.8,0.67,169,0
1.8,0,1,8.3,4,6,0.82,5,4.5,0.8,318,0
7.1,2,1,16.0,2,2,0.75,2,-3.9,0.49,170,1
2.0,0,0,49.3,1,3,0.89,2,18.8,0.13,105,0
5.7,1,0,27.2,3,3,0.94,1,-6.1,0.62,220,1
2.1,1,0,1.1,2,2,0.9,3,19.3,0.87,106,0
18.7,1,3,9.7,1,1,0.91,5,9.7,0.64,73,0
16.4,0,1,15.6,3,2,0.78,6,22.6,0.7,75,0
7.8,0,0,16.0,0,2,0.87,0,9.3,0.67,103,0
42.2,2,0,14.9,1,0,0.66,7,9.3,0.3,147,0
1.3,1,0,100.5,0,3,0.71,5,-4.6,0.25,220,1
4.6,1,2,2.9,0,1,0.77,2,18.0,0.82,822,0
1.0,0,1,67.9,2,4,0.75,3,8.0,0.11,115,0
4.1,0,0,12.5,2,0,0.71,1,14.8,0.88,381,0
1.4,3,3,15.4,0,3,0.7,2,-1.0,0.23,117,1
12.9,0,1,78.2,3,4,0.91,2,-1.5,0.11,343,1
6.8,1,3,163.9,2,4,0.41,3,11.8,0.08,246,0
21.8,1,0,97.9,2,2,0.81,1,-8.0,0.29,312,1
5.5,0,0,46.1,0,5,0.75,2,6.7,0.55,74,0
6.3,1,2,13.6,3,4,0.86,3,-4.6,0.38,185,1
3.9,1,3,131.9,2,6,0.88,3,9.3,0.15,63,0
11.5,1,3,98.3,1,1,0.87,1,-6.5,0.74,579,1
8.1,1,0,59.0,1,3,0.42,2,-3.1,0.4,137,1
34.6,1,3,77.6,1,3,0.85,3,8.0,0.49,583,0
16.0,2,3,34.6,4,6,0.82,4,4.9,0.18,379,0
8.2,2,0,13.1,2,5,0.92,1,10.8,0.25,146,0
4.9,2,2,4.1,4,1,0.62,2,6.1,0.1,62,0
38.8,1,1,72.3,2,2,0.96,3,9.1,0.51,368,0
4.6,0,3,5.7,2,6,0.92,2,10.5,0.87,567,0
4.7,1,0,91.1,1,2,0.95,5,12.2,0.41,81,0
1.2,1,2,117.1,0,2,0.45,4,-4.5,0.46,514,1
1.1,2,3,13.3,1,1,0.95,1,-6.2,0.46,535,1
9.7,0,2,91.7,0,2,0.77,2,4.7,0.15,462,0
4.1,0,0,45.0,1,5,0.53,2,4.0,0.87,107,0
15.4,0,1,14.0,0,5,0.84,5,9.0,0.68,187,0
5.8,0,0,2.7,4,3,0.64,3,4.8,0.6,74,0
23.9,0,0,15.1,2,1,0.76,3,13.6,0.43,262,0
5.2,0,0,103.5,2,0,0.94,1,-0.0,0.68,152,0
2.1,0,0,101.2,3,7,0.81,2,5.6,0.06,48,1
49.8,2,3,5.5,2,4,0.84,4,22.1,0.09,67,0
2.0,1,0,49.4,3,2,0.77,6,13.4,0.81,55,0
3.6,0,3,61.9,0,3,0.9,0,15.2,0.87,271,0
14.5,1,1,67.5,2,2,0.68,2,11.0,0.55,103,0
10.2,1,2,1.2,0,3,0.44,3,-4.4,0.63,203,1
6.5,0,2,67.4,1,2,0.99,2,22.7,0.66,196,0
12.8,2,1,33.1,2,4,0.79,1,10.2,0.25,686,0
20.6,1,2,4.6,2,5,0.97,5,12.2,0.24,652,0
12.6,1,1,71.5,2,5,0.97,4,6.3,0.77,359,0
9.5,1,3,4.9,2,2,0.6,1,-1.9,0.73,83,1
2.8,1,1,52.0,1,4,0.89,1,-10.2,0.57,86,1
9.2,0,1,1.4,2,4,0.73,2,21.6,0.8,38,0
16.1,1,2,14.0,1,4,0.69,1,3.2,0.09,30,0
19.6,1,2,54.0,1,1,0.87,2,19.9,0.73,441,0
18.4,1,0,89.3,3,3,0.38,2,5.2,0.63,157,1
1.7,1,0,39.5,1,8,0.76,2,5.6,0.56,50,1
3.6,0,1,54.3,2,1,0.71,1,-10.2,0.77,327,1
12.4,1,1,44.1,0,4,0.78,4,9.4,0.4,240,0
2.8,2,0,46.0,1,2,0.96,2,1.1,0.16,52,0
40.6,2,0,119.6,0,5,0.81,2,13.0,0.79,278,1
18.0,1,0,52.1,0,7,0.72,2,4.7,0.24,263,0
15.7,2,2,32.7,2,3,0.84,2,8.9,0.25,20,0
9.1,1,3,19.1,1,2,0.82,6,8.2,0.71,43,0
53.2,1,1,84.6,0,3,0.84,6,11.8,0.88,148,0
4.9,1,0,9.4,2,4,0.78,4,-1.5,0.83,136,1
53.1,1,0,24.9,1,3,0.8,6,13.4,0.9,106,0
16.5,1,0,78.2,2,2,0.84,3,9.9,0.19,51,0
5.9,3,3,66.9,3,3,0.79,1,10.6,0.25,207,0
1.5,2,3,40.0,0,2,0.69,2,-6.2,0.55,41,1
33.5,1,3,61.6,1,2,0.73,2,13.2,0.75,111,0
7.0,1,3,28.1,2,4,0.87,2,5.1,0.61,164,0
14.3,0,0,104.7,2,2,0.79,1,6.5,0.27,157,0
4.9,1,2,28.4,1,3,0.75,2,11.2,0.08,41,0
3.9,0,0,12.4,0,3,0.89,2,-5.5,0.85,170,1
16.4,1,3,90.4,1,6,0.98,3,6.0,0.74,43,0
10.0,2,1,43.0,0,4,0.9,3,-1.1,0.63,236,1
35.6,2,0,14.6,1,3,0.52,0,1.2,0.19,255,1
4.1,0,0,0.8,2,8,0.89,2,7.9,0.56,159,0
23.8,2,1,66.4,2,2,0.77,2,11.0,0.12,200,0
3.5,1,3,4.5,1,2,0.73,3,11.7,0.36,63,0
17.6,2,1,0.5,0,2,0.72,3,13.7,0.78,91,0
14.4,3,1,4.3,3,4,0.72,5,3.2,0.94,324,0
2.8,1,3,40.1,5,5,0.94,3,0.7,0.61,337,0
11.1,1,1,33.5,4,4,0.87,2,3.6,0.52,181,0
14.5,2,3,11.1,3,8,0.85,0,7.8,0.51,135,0
24.7,2,1,36.2,2,2,0.67,1,2.1,0.95,582,0
6.9,1,3,46.5,6,4,0.78,6,6.4,0.07,470,0
3.1,0,1,51.4,0,3,0.63,0,-4.6,0.86,122,1
11.2,0,0,56.6,1,5,0.69,1,6.5,0.95,231,0
9.5,2,3,15.1,3,4,0.91,2,4.4,0.7,78,0
15.3,3,2,12.1,1,2,0.74,1,13.2,0.15,90,0
3.2,0,3,16.7,1,0,0.68,4,-5.7,0.93,492,1
18.0,2,1,43.6,2,1,0.96,0,11.0,0.12,100,0
15.4,3,0,23.1,3,1,0.6,3,-0.4,0.65,54,1
11.3,0,1,3.8,2,3,0.73,4,6.8,0.08,100,0
3.4,2,3,18.0,0,5,0.79,4,-11.1,0.89,63,1
16.1,2,0,78.3,4,3,0.92,2,13.4,0.44,136,0
13.9,1,1,25.7,0,5,0.93,1,5.6,0.46,68,0
11.2,3,1,16.5,0,5,0.7,3,11.6,0.16,409,0
6.3,0,0,49.7,0,3,0.89,1,5.4,0.29,238,0
1.9,0,0,3.2,1,2,0.9,3,-4.5,0.48,206,1
7.7,2,0,115.6,1,1,0.95,0,4.5,0.74,57,0
1.8,1,3,82.8,1,2,0.71,3,11.8,0.73,254,0
1.7,3,0,59.0,3,4,0.61,3,-1.4,0.32,91,1
15.3,1,1,30.9,1,2,0.68,3,-5.9,0.78,133,1
1.8,3,1,40.3,1,0,0.76,0,19.6,0.22,362,0
14.0,0,3,1.2,3,3,0.63,2,-3.8,0.49,82,1
4.2,1,0,26.1,2,2,0.95,2,9.7,0.22,32,0
4.7,1,1,65.3,1,2,0.82,3,14.7,0.07,88,0
26.7,1,0,31.4,1,5,0.9,2,14.7,0.49,130,0
3.0,0,0,1.0,2,4,0.96,2,9.9,0.26,36,0
47.8,1,1,24.3,2,6,0.79,4,7.7,0.72,254,0
4.7,1,1,1.2,2,2,0.82,3,20.2,0.86,455,0
22.1,2,3,75.6,3,4,0.73,2,-0.2,0.35,97,1
12.0,3,0,14.9,1,6,0.67,3,-0.0,0.17,78,1
18.2,3,1,15.4,1,1,0.9,2,4.6,0.24,94,0
9.7,1,1,51.7,4,4,0.74,1,4.3,0.66,37,0
2.4,0,2,86.9,4,2,0.57,4,2.6,0.74,51,0
11.8,2,1,36.5,1,3,0.86,1,5.9,0.36,351,0
26.6,1,3,22.1,1,1,0.93,3,18.7,0.41,455,0
21.5,1,2,156.4,2,7,0.77,2,11.4,0.5,494,1
6.2,2,3,118.0,3,1,0.92,0,-3.5,0.46,884,1
26.4,1,1,25.6,0,4,0.85,6,3.8,0.62,196,0
3.0,1,0,45.8,4,5,0.76,5,0.8,0.45,318,1
22.2,0,1,19.9,2,4,0.58,1,8.7,0.59,137,1
2.4,1,1,72.6,4,2,0.83,3,15.7,0.94,91,0
3.9,1,1,3.7,2,4,0.86,1,6.4,0.15,21,0
4.6,1,0,34.9,5,4,0.9,2,20.5,0.94,165,0
2.2,2,0,11.2,3,3,0.9,4,-2.3,0.47,56,1
14.9,1,2,9.1,2,1,0.85,2,-4.5,0.53,275,1
11.4,1,0,1.9,2,6,0.86,1,-6.8,0.36,476,1
1.3,1,1,15.8,1,0,0.84,2,-0.2,0.34,220,1
1.0,2,3,2.4,2,6,0.94,1,6.9,0.29,162,0
1.0,1,2,54.0,0,4,0.92,3,10.9,0.24,105,0
7.8,1,0,11.9,3,3,0.66,4,-2.4,0.34,59,1
5.4,2,1,4.7,4,2,0.74,1,13.3,0.93,101,0
21.7,2,0,36.4,1,5,0.91,5,1.8,0.86,541,0
6.3,3,1,23.6,3,0,0.76,3,15.5,0.07,60,0
9.8,1,0,19.3,2,6,0.73,2,-2.6,0.41,89,1
3.7,0,2,51.1,1,3,0.93,3,3.7,0.68,26,0
1.5,2,2,64.0,2,5,0.77,1,1.2,0.72,198,1
1.2,1,0,6.0,0,2,0.97,1,-6.0,0.76,394,1
25.9,2,0,41.8,3,3,0.93,2,10.0,0.27,69,0
21.0,1,2,107.3,1,1,0.94,2,2.3,0.44,81,0
12.1,1,1,106.5,2,3,0.63,1,12.0,0.13,44,1
9.6,2,3,32.3,3,2,0.7,6,10.5,0.43,20,0
7.6,1,1,24.9,3,3,0.77,6,-6.7,0.16,45,1
13.8,1,2,36.7,1,4,0.87,1,17.5,0.43,94,0
5.9,1,2,16.1,0,3,0.84,3,-3.9,0.52,191,1
10.1,2,1,3.1,4,3,0.74,1,19.7,0.22,222,0
1.5,1,0,29.4,3,0,0.74,4,0.5,0.63,26,0
1.6,0,1,31.4,0,3,0.72,2,25.9,0.4,32,0
43.5,3,3,4.3,2,1,0.87,6,10.2,0.63,51,0
20.5,1,1,1.5,1,2,0.63,1,12.7,0.6,381,0
11.7,0,1,55.9,2,4,0.89,4,-2.1,0.63,91,1
1.6,1,1,8.8,3,5,0.85,4,5.3,0.61,243,0
5.4,2,1,49.5,2,3,0.9,6,11.6,0.57,98,0
12.9,1,3,15.5,1,4,0.83,3,4.9,0.78,58,0
1.8,1,2,54.9,1,1,0.74,2,1.2,0.32,40,1
19.9,0,1,53.4,1,2,0.8,2,5.1,0.48,98,0
20.7,1,2,118.9,0,2,0.89,3,18.7,0.38,35,0
5.3,1,3,13.8,1,2,0.9,1,3.8,0.92,475,0
3.9,0,2,62.6,1,3,0.92,3,10.6,0.7,103,0
14.2,1,0,39.9,1,5,0.74,3,8.2,0.87,120,0
18.5,0,0,191.6,0,6,0.91,2,-5.9,0.49,54,1
4.4,0,2,93.4,0,0,0.79,2,18.4,0.25,68,0
11.5,0,0,9.3,1,2,0.93,2,7.2,0.81,225,0
3.3,1,2,95.1,0,4,0.64,1,0.2,0.25,145,1
7.0,2,0,24.0,1,7,0.78,4,9.9,0.82,527,1
9.3,1,1,69.6,4,4,0.59,0,10.2,0.54,114,1
11.9,1,1,3.6,0,5,0.81,1,11.9,0.62,57,0
3.4,1,0,45.8,2,1,0.84,4,12.1,0.74,44,0
15.1,2,0,144.4,1,5,0.66,2,4.5,0.41,87,1
8.1,1,1,31.3,2,3,0.9,3,13.6,0.12,35,0
7.9,1,2,8.3,3,7,0.73,2,-1.6,0.67,153,1
16.4,2,1,51.0,1,0,0.98,1,5.7,0.41,152,0
28.9,1,1,38.8,3,2,0.92,2,-5.5,0.32,70,1
16.2,2,1,1.4,0,5,0.78,0,7.0,0.55,765,0
12.0,2,0,4.6,3,2,0.63,2,11.9,0.52,376,0
23.5,1,0,48.5,2,4,0.71,3,16.6,0.55,218,0
3.1,2,1,35.3,0,4,0.68,3,29.4,0.32,118,0
15.9,2,1,42.8,2,3,0.87,1,5.8,0.94,385,0
2.0,3,0,7.7,1,6,0.75,6,-1.7,0.83,32,1
53.2,1,0,99.3,0,5,0.54,2,11.3,0.1,221,1
5.5,1,1,16.0,4,2,0.86,4,-7.4,0.25,186,1
6.9,0,0,12.0,2,1,0.78,2,16.4,0.43,609,0
7.6,1,0,8.9,1,6,0.79,1,3.9,0.63,298,0
1.3,0,1,43.4,1,1,0.91,4,9.5,0.79,58,0
2.4,2,0,74.3,3,2,0.71,0,10.0,0.34,369,0
3.3,1,3,2.3,2,6,0.96,1,-4.4,0.29,170,1
22.5,1,0,36.5,2,4,0.79,3,7.7,0.44,137,0
14.4,0,3,58.7,4,3,0.82,3,11.4,0.38,41,0
3.3,0,1,4.1,0,2,0.68,0,21.1,0.91,91,0
18.4,0,1,9.6,4,3,0.8,2,6.1,0.73,91,0
10.1,0,1,29.7,2,4,0.69,2,15.6,0.22,41,0
2.0,0,0,103.4,0,3,0.84,2,12.9,0.41,250,0
2.2,2,2,36.3,0,4,0.9,1,26.8,0.56,404,0
18.6,0,1,20.0,2,3,0.82,3,-2.9,0.39,96,1
12.4,0,0,34.4,2,2,0.92,1,4.1,0.81,289,0
9.3,3,1,43.4,3,3,0.89,0,-1.6,0.07,334,1
3.1,1,1,56.4,2,1,0.82,3,19.6,0.68,36,0
5.0,2,1,14.8,2,8,0.48,2,3.9,0.33,338,1
46.9,3,2,140.1,2,5,0.83,3,20.5,0.85,520,0
29.8,2,2,0.6,3,1,0.85,2,5.8,0.58,442,0
10.1,2,0,45.5,1,4,0.81,0,1.5,0.83,149,0
13.6,1,2,61.4,2,1,0.83,2,0.3,0.88,364,0
5.6,2,0,8.5,2,4,0.78,5,-5.7,0.86,90,1
20.6,1,3,9.5,1,2,0.77,2,10.9,0.21,226,0
3.7,1,3,17.4,2,6,0.85,3,21.8,0.63,254,0
28.6,1,1,55.1,2,1,0.97,0,10.1,0.69,382,0
42.2,2,1,50.0,1,1,0.88,8,23.3,0.78,122,0
22.2,0,1,24.2,1,2,0.92,4,8.2,0.71,286,0
5.2,1,1,11.3,2,3,0.9,0,8.7,0.05,57,0
3.3,1,0,8.3,6,3,0.87,3,-3.7,0.55,162,1
27.3,2,1,1.4,1,1,0.96,3,13.1,0.53,116,0
10.3,2,2,39.1,2,2,0.95,2,-7.1,0.22,60,1
3.3,2,0,11.6,1,1,0.86,0,19.1,0.52,170,0
11.4,1,0,35.0,3,7,0.86,2,20.7,0.44,147,0
61.0,3,2,6.8,2,3,0.93,3,21.0,0.46,388,0
7.6,1,0,26.4,1,1,0.93,3,26.3,0.43,110,0
15.5,3,3,5.0,1,6,0.8,6,-3.5,0.14,113,1
18.9,2,3,1.0,2,6,0.79,3,-9.2,0.83,498,1
63.2,0,1,7.2,4,2,0.95,3,2.8,0.08,435,0
5.2,2,1,1.9,2,9,0.84,1,-6.6,0.63,240,1
9.1,1,1,6.5,3,3,0.74,3,15.0,0.07,408,0
15.5,0,1,21.3,2,1,0.98,2,1.6,0.17,139,0
4.9,2,2,44.8,2,1,0.84,1,14.2,0.26,338,0
2.0,2,3,96.9,3,6,0.67,6,12.2,0.91,765,0
2.2,0,1,119.3,0,7,0.8,2,-7.9,0.84,159,1
14.8,1,0,11.9,0,3,0.96,2,7.1,0.18,435,0
5.3,1,2,18.4,1,4,0.96,4,2.0,0.2,270,0
2.0,0,1,4.5,1,4,0.96,0,-1.1,0.09,93,1
13.1,1,2,22.5,0,2,0.82,4,8.9,0.91,209,0
18.1,1,1,62.9,2,1,0.78,3,3.4,0.9,239,0
19.6,2,1,21.9,2,2,0.85,3,17.6,0.06,167,0
5.5,0,3,13.9,2,1,0.83,3,13.3,0.12,454,0
25.1,1,1,106.7,2,3,0.83,3,1.0,0.36,620,1
6.2,3,1,2.3,2,2,0.63,1,12.1,0.18,70,1
5.5,2,3,28.9,3,8,0.87,2,7.0,0.65,93,0
14.1,1,0,75.2,2,2,0.85,2,12.0,0.82,138,0
17.1,1,3,71.6,2,5,0.75,2,17.8,0.93,375,0
15.8,2,1,38.9,4,5,0.45,3,-9.7,0.82,225,1
23.9,0,1,59.4,3,5,0.5,1,9.1,0.67,451,1
46.6,1,1,0.9,3,1,0.96,3,7.6,0.91,20,0
12.6,2,3,4.0,2,5,0.88,1,9.8,0.31,142,0
60.1,1,3,99.6,1,5,0.92,1,4.6,0.85,1149,0
6.5,0,0,32.5,3,2,0.8,4,-2.4,0.94,32,1
9.4,1,0,10.5,0,4,0.91,3,11.9,0.62,364,0
14.2,2,2,3.5,2,2,0.82,5,-8.4,0.48,336,1
4.1,3,1,2.4,1,9,0.7,2,4.5,0.91,118,1
25.5,1,1,48.3,2,5,0.64,2,3.7,0.12,159,1
6.3,1,0,2.0,1,0,0.9,1,-2.1,0.89,455,0
5.7,2,1,27.7,2,5,0.93,5,19.4,0.49,30,0
7.6,0,1,3.0,3,0,0.75,2,-0.4,0.88,84,1
3.5,2,1,6.3,0,1,0.78,3,0.1,0.24,80,0
3.8,2,3,77.6,1,2,0.79,1,-5.2,0.65,253,1
2.5,2,3,18.3,1,2,0.83,1,17.3,0.33,21,0
7.4,2,1,5.6,0,1,0.95,0,10.0,0.85,46,0
18.7,1,1,43.4,1,4,0.94,2,18.9,0.35,169,0
8.6,1,1,17.9,3,2,0.8,2,5.6,0.17,328,0
8.4,1,3,80.2,3,6,0.87,2,6.2,0.69,246,0
17.8,2,2,18.1,3,1,0.63,1,2.8,0.61,90,0
12.4,1,0,35.8,0,4,0.94,3,-7.1,0.61,326,1
9.8,0,3,13.0,3,5,0.86,1,-8.1,0.56,21,1
28.0,1,1,102.8,5,4,0.9,5,17.5,0.26,89,0
6.8,1,0,49.5,4,5,0.6,7,-14.9,0.71,229,1
14.3,2,3,9.8,2,5,0.74,4,0.2,0.52,28,0
6.7,2,0,35.8,1,3,0.56,6,15.3,0.48,52,0
6.6,3,3,45.2,1,2,0.81,2,8.6,0.58,20,0
4.7,1,1,75.2,1,1,0.94,1,10.1,0.3,191,0
6.4,2,2,3.9,1,2,0.89,2,0.4,0.73,204,1
6.4,1,2,28.0,5,2,0.7,1,1.6,0.8,405,1
17.7,1,2,6.6,3,4,0.9,2,6.7,0.81,28,0
9.5,2,0,12.1,1,3,0.89,3,23.2,0.46,111,0
17.2,2,2,80.6,3,2,0.63,3,12.8,0.16,102,0
2.1,3,3,35.4,1,3,0.85,2,2.6,0.36,86,0
5.8,2,0,67.8,2,7,0.78,3,-5.0,0.32,346,1
21.0,2,1,30.4,2,0,0.78,3,14.3,0.56,396,0
7.8,2,3,68.0,2,1,0.85,1,2.0,0.61,31,0
1.8,0,1,29.9,3,2,0.53,7,-6.3,0.9,276,1
5.1,1,1,60.7,0,2,0.59,4,2.0,0.35,710,0
2.5,1,0,40.3,1,5,0.95,2,23.6,0.23,162,0
13.5,1,1,2.7,3,4,0.78,2,0.1,0.13,111,1
2.0,2,1,32.3,5,3,0.95,2,-10.3,0.14,122,1
13.3,1,0,31.7,1,2,0.94,4,-1.8,0.91,168,1
8.6,1,0,110.4,4,4,0.82,3,3.0,0.06,25,0
13.0,3,3,11.1,0,1,0.68,2,-9.9,0.91,75,1
2.2,1,0,19.7,1,7,0.69,4,10.0,0.11,56,1
3.0,1,0,8.9,1,5,0.5,3,1.2,0.77,178,1
3.6,2,3,120.1,3,2,0.96,3,2.8,0.53,101,0
8.3,2,0,27.2,1,5,0.91,0,10.9,0.59,270,0
19.0,1,3,57.1,3,0,0.75,3,12.7,0.52,90,0
7.2,1,2,91.6,3,1,0.86,3,16.1,0.36,95,0
13.4,1,2,102.6,3,4,0.86,2,7.9,0.61,251,1
14.5,0,3,34.4,2,5,0.82,3,-8.7,0.68,149,1
5.9,0,0,53.8,1,1,0.96,3,16.0,0.26,64,0
1.8,1,0,20.1,0,3,0.74,6,17.2,0.11,115,0
28.5,3,3,6.4,1,4,0.66,2,-4.0,0.95,79,1
10.6,1,1,10.5,1,2,0.78,1,9.2,0.56,30,0
1.3,1,2,62.8,3,2,0.7,1,2.3,0.4,165,0
2.2,1,0,11.2,3,3,0.83,1,12.6,0.53,679,0
14.3,0,1,10.2,0,3,0.92,3,0.9,0.43,177,0
24.6,1,2,4.6,2,1,0.92,1,2.8,0.56,401,0
6.5,2,1,1.2,2,3,0.77,5,-4.7,0.2,144,1
16.7,1,1,21.7,0,2,0.85,1,4.0,0.05,282,0
3.5,1,0,19.1,3,3,0.94,2,-1.7,0.15,184,1
8.5,1,3,25.6,2,5,0.72,4,6.9,0.95,34,0
19.0,1,0,16.4,2,4,0.57,3,7.6,0.24,262,1
7.2,1,3,9.2,2,1,0.9,3,7.9,0.21,124,0
5.0,3,0,25.2,6,4,0.7,3,-10.6,0.36,397,1
45.2,1,0,12.4,3,2,0.83,4,-0.4,0.06,171,1
21.1,1,1,20.2,3,6,0.9,5,-1.5,0.82,157,1
11.8,0,2,2.0,2,6,0.85,4,3.6,0.85,233,0
7.0,0,2,33.4,2,3,0.96,4,13.3,0.3,96,0
28.8,1,1,54.5,0,2,0.89,4,5.6,0.46,48,0
8.7,1,3,7.9,2,4,0.9,4,16.2,0.18,130,0
5.9,2,0,42.1,1,4,0.88,4,3.9,0.54,184,0
8.2,1,1,153.6,2,3,0.7,1,7.3,0.52,240,0
54.4,0,0,13.1,3,2,0.73,1,-1.0,0.6,77,1
5.1,2,1,2.9,2,2,0.83,1,9.4,0.05,307,0
5.0,1,3,21.0,2,3,0.69,3,3.8,0.56,815,0
15.5,1,2,16.1,3,2,0.83,0,11.4,0.65,108,0
9.9,3,3,47.4,2,0,0.82,3,7.9,0.85,472,0
2.3,1,3,14.1,1,4,0.86,3,2.3,0.63,227,0
6.8,0,1,20.0,2,5,0.85,3,2.0,0.88,795,0
2.9,3,3,12.7,1,3,0.8,2,5.9,0.83,188,0
1.1,2,0,15.1,4,4,0.87,1,-4.5,0.23,161,1
23.8,2,1,48.2,1,1,0.87,0,15.4,0.44,185,0
2.5,1,1,5.7,3,2,0.75,3,11.1,0.38,23,0
2.7,0,0,4.4,0,1,0.96,4,12.6,0.55,185,0
19.8,1,0,16.0,0,2,0.71,1,23.2,0.4,28,0
6.9,3,0,46.5,1,6,0.97,4,2.6,0.76,81,0
2.4,1,0,6.6,2,5,0.61,3,11.7,0.45,22,1
2.0,1,3,42.1,3,4,0.69,2,-15.8,0.56,97,1
29.7,0,0,20.5,2,4,0.76,2,16.9,0.3,140,0
20.7,2,1,30.1,1,7,0.65,2,-8.6,0.42,57,1
2.2,2,1,27.2,4,0,0.78,3,10.2,0.2,194,0
3.9,1,2,118.8,3,3,0.97,2,10.2,0.53,323,0
2.9,2,1,35.3,0,4,0.83,2,-3.1,0.64,136,1
8.2,1,1,8.1,0,1,0.92,0,-0.0,0.38,221,0
4.6,1,3,8.7,1,2,0.73,6,19.6,0.85,127,0
63.2,1,1,3.6,0,5,0.97,2,8.9,0.8,194,0
7.7,2,3,12.7,2,2,0.72,3,10.6,0.77,70,0
9.5,2,0,20.1,2,2,0.64,1,-6.8,0.17,200,1
4.5,1,1,3.6,3,2,0.91,4,-0.2,0.81,111,0
6.3,0,3,29.5,2,2,0.71,5,8.2,0.79,491,0
37.6,3,0,27.0,1,0,0.59,1,11.1,0.37,87,0
12.8,1,1,12.0,3,0,0.95,1,10.4,0.42,133,0
18.2,1,0,11.8,3,5,0.35,3,6.4,0.87,216,1
13.6,1,3,1.6,1,1,0.75,2,14.6,0.4,576,0
2.2,3,2,15.6,2,5,0.8,3,14.4,0.77,24,0
22.0,1,2,35.0,3,4,0.63,2,16.1,0.4,169,0
1.9,2,2,9.2,3,3,0.88,1,9.9,0.87,113,0
13.4,1,1,26.7,3,3,0.89,1,1.1,0.27,20,1
4.7,1,0,0.9,2,1,0.9,0,0.3,0.31,74,0
9.9,1,3,24.6,1,2,0.86,4,3.0,0.74,487,0
1.9,1,2,25.3,2,2,0.83,2,8.0,0.6,258,0
38.0,1,3,72.0,1,3,0.88,1,16.5,0.21,20,0
14.0,2,1,67.0,3,3,0.92,1,5.2,0.41,321,0
10.8,2,1,9.6,3,0,0.77,3,3.6,0.93,271,0
4.2,0,1,44.9,1,2,0.9,1,5.4,0.28,24,0
27.7,2,1,23.7,5,1,0.96,4,8.3,0.22,374,0
12.9,1,3,11.5,1,5,0.81,3,25.1,0.71,398,0
26.9,3,1,33.0,3,2,0.63,3,3.7,0.82,264,1
2.2,1,3,18.1,1,3,0.85,5,-9.2,0.5,362,1
28.1,1,1,41.3,0,4,0.67,1,11.4,0.2,477,0
8.2,1,3,57.9,1,3,0.59,3,-11.5,0.36,88,1
9.1,1,1,14.5,2,5,0.83,3,9.4,0.25,195,0
27.8,0,1,32.0,1,1,0.73,0,-1.5,0.21,76,1
30.4,0,0,107.1,4,1,0.75,1,-7.9,0.45,32,1
1.0,2,3,120.3,3,5,0.78,2,13.4,0.47,374,1
5.1,2,0,15.0,2,2,0.89,1,16.1,0.27,150,0
2.9,0,1,17.6,1,6,0.85,2,7.8,0.67,207,0
7.8,0,3,21.5,1,4,0.71,4,16.1,0.6,22,0
1.0,2,3,32.2,1,5,0.92,1,5.2,0.3,617,0
1.5,1,1,165.7,3,5,0.67,2,24.6,0.44,484,0
16.0,1,1,23.3,1,4,0.93,4,5.6,0.92,35,0
8.0,2,3,15.2,1,4,0.9,2,20.1,0.1,48,0
1.9,0,0,15.8,2,1,0.7,4,1.8,0.58,57,0
9.3,2,1,42.8,2,4,0.91,0,11.2,0.62,103,0
22.2,0,3,1.8,0,5,0.73,6,15.2,0.17,363,0
11.8,0,3,35.1,3,0,0.74,1,14.4,0.87,152,0
12.3,0,1,72.3,2,2,0.88,0,1.8,0.64,778,0
9.2,0,1,4.3,1,0,0.76,2,-1.0,0.07,169,1
30.1,1,2,63.7,3,4,0.68,2,2.1,0.26,69,0
4.1,0,2,43.4,1,3,0.87,5,14.8,0.3,109,0
5.0,1,3,76.1,4,2,0.81,2,13.2,0.86,131,0
46.2,1,0,15.0,1,5,0.68,1,10.7,0.16,145,0
14.9,1,3,7.0,0,3,0.72,3,12.2,0.63,301,0
1.2,2,1,76.1,3,8,0.85,2,-7.4,0.84,147,1
11.3,1,3,96.3,3,2,0.96,2,-2.9,0.57,605,1
17.6,1,1,20.4,0,4,0.93,5,12.8,0.43,103,0
35.8,0,1,54.2,2,0,0.84,4,12.1,0.58,384,0
3.9,2,3,64.8,2,2,0.95,2,0.1,0.56,60,0
3.8,0,1,56.7,1,0,0.8,3,-1.6,0.87,457,1
6.9,1,1,121.5,3,1,0.54,6,22.5,0.64,569,0
6.8,1,3,19.1,5,3,0.39,5,20.4,0.47,32,0
3.3,1,2,14.2,0,4,0.92,4,2.4,0.11,39,0
4.3,1,3,177.2,1,1,0.92,5,0.7,0.79,53,0
13.2,2,0,0.9,2,7,0.78,2,-7.8,0.76,114,1
10.6,0,1,52.1,3,1,0.83,1,5.3,0.19,231,0
40.2,0,3,39.1,1,5,0.79,6,-11.5,0.11,217,1
7.1,1,3,7.8,5,1,0.83,1,8.9,0.09,182,0
12.0,2,1,3.4,4,2,0.76,1,15.1,0.52,65,0
7.6,2,3,12.0,1,6,0.74,5,11.1,0.25,559,0
20.0,1,3,6.0,1,2,0.64,1,4.4,0.71,70,0
7.0,1,3,147.7,3,4,0.85,4,11.9,0.84,257,1
12.6,0,1,19.6,1,5,0.88,2,14.8,0.08,203,0
7.2,1,2,64.5,1,2,0.77,2,5.6,0.82,306,0
13.4,0,3,28.0,2,2,0.83,3,7.7,0.79,85,0
8.0,1,2,1.0,3,5,0.73,0,7.5,0.45,31,0
12.9,0,2,3.2,3,1,0.8,4,-0.1,0.61,546,1
9.3,1,3,51.3,1,5,0.94,7,10.7,0.14,44,0
2.9,0,0,198.5,1,2,0.89,2,12.4,0.2,132,0
13.5,0,1,123.7,3,0,0.93,0,4.9,0.94,66,0
13.5,2,3,13.7,1,3,0.84,2,-0.1,0.69,173,1
5.3,1,0,14.5,3,2,0.81,0,8.1,0.91,121,0
7.5,1,0,17.6,0,3,0.87,4,-8.3,0.32,36,1
4.4,1,0,4.7,2,6,0.94,3,6.3,0.76,156,0
24.5,1,1,74.9,0,3,0.54,1,10.9,0.75,374,0
5.5,1,2,36.2,2,3,0.78,3,-8.9,0.06,43,1
2.0,0,2,113.0,0,3,0.81,2,2.0,0.39,103,0
5.1,0,3,20.1,2,6,0.92,3,1.7,0.22,467,0
3.6,1,1,16.8,0,4,0.52,1,-0.6,0.78,277,1
7.1,0,1,60.3,1,0,0.82,4,4.7,0.33,51,0
4.6,0,0,41.9,2,1,0.86,3,-10.0,0.49,68,1
14.2,1,2,16.4,3,1,0.72,7,0.5,0.94,50,0
4.8,1,0,102.2,1,5,0.7,3,9.9,0.36,88,1
12.3,2,1,9.4,0,1,0.95,3,9.1,0.79,159,0
1.5,3,3,11.4,2,1,0.77,3,9.7,0.21,91,0
19.7,2,0,19.8,3,1,0.82,5,3.7,0.13,792,0
18.0,1,1,150.9,5,2,0.94,4,7.3,0.65,885,0
3.2,2,3,47.1,0,7,0.96,5,17.9,0.65,170,0
30.3,1,1,21.0,4,3,0.56,2,0.0,0.68,149,1
11.5,2,0,43.6,3,1,0.77,2,6.8,0.78,102,0
50.3,1,0,11.8,1,4,0.92,3,-3.7,0.81,201,1
15.0,2,3,28.8,3,3,0.68,1,-3.0,0.62,102,1
1.6,0,1,24.5,1,2,0.87,2,3.3,0.13,33,0
45.7,1,3,4.0,1,3,0.92,2,14.6,0.86,185,0
5.4,1,0,23.0,0,5,0.88,3,-4.9,0.76,71,1
15.6,3,0,5.0,1,1,0.86,4,-7.2,0.62,535,1
27.9,2,0,45.4,1,1,0.9,2,11.0,0.78,480,0
4.8,0,1,60.6,0,3,0.61,0,12.6,0.53,267,0
22.6,2,1,1.3,0,8,0.79,3,6.4,0.7,26,0
7.8,3,0,7.2,1,2,0.65,3,15.3,0.29,188,0
21.3,0,0,113.4,1,2,0.93,2,12.2,0.28,51,0
30.6,2,1,9.9,1,7,0.91,2,-1.8,0.82,140,1
23.1,1,2,7.7,1,2,0.58,3,-16.6,0.47,56,1
6.2,0,1,19.5,4,4,0.68,0,9.1,0.2,24,0
2.8,1,3,0.6,3,3,0.74,3,1.9,0.28,465,0
11.6,2,2,37.7,2,5,0.88,3,3.3,0.18,36,0
13.3,1,3,1.7,3,2,0.88,6,-3.2,0.62,343,1
3.5,1,1,67.6,2,6,0.42,2,8.8,0.58,192,1
1.6,1,1,1.9,2,3,0.51,1,5.4,0.52,115,0
55.5,2,1,55.5,2,3,0.94,4,5.3,0.4,29,0
15.8,1,3,5.9,2,5,1.0,1,2.2,0.73,220,0
6.7,2,1,37.9,2,1,0.97,2,12.6,0.28,492,0
26.0,1,3,13.3,3,1,0.94,5,-3.8,0.46,83,1
2.6,1,1,116.5,4,3,0.7,5,-1.6,0.37,170,1
3.8,0,2,0.8,0,4,0.9,2,-4.7,0.23,148,1
3.9,2,3,18.5,1,4,0.89,4,-12.6,0.7,492,1
21.1,3,1,5.0,1,4,0.87,3,2.2,0.67,84,1
20.1,0,2,59.8,3,1,0.82,4,-4.5,0.82,126,1
10.2,3,3,56.7,0,0,0.89,3,-8.5,0.23,146,1
24.0,3,3,27.8,2,1,0.77,1,17.6,0.45,213,0
18.0,1,1,23.9,2,4,0.84,4,6.6,0.42,41,0
1.5,1,1,1.1,1,4,0.88,7,-3.2,0.59,402,1
5.4,0,1,116.6,1,0,0.69,4,15.6,0.73,174,0
1.1,1,0,22.8,1,6,0.81,1,4.8,0.53,279,0
4.4,0,3,150.8,3,2,0.72,0,8.4,0.82,384,0
3.5,3,1,7.0,2,1,0.67,1,16.1,0.53,163,0
8.1,1,0,35.5,3,0,0.7,1,10.5,0.61,473,0
3.1,0,0,20.3,6,4,0.76,1,1.9,0.22,232,1
2.4,1,0,23.0,5,4,0.94,2,7.0,0.73,125,0
2.2,1,1,54.7,0,3,0.93,1,10.9,0.68,124,0
4.7,1,3,72.1,1,4,0.84,1,4.2,0.52,540,0
1.4,1,3,15.5,2,6,0.77,2,3.8,0.51,237,0
10.0,3,1,11.0,1,4,0.8,3,13.3,0.45,69,0
30.3,1,1,9.6,2,3,0.71,4,-16.2,0.07,309,1
14.4,1,3,95.2,2,3,0.85,2,3.1,0.63,55,0
20.0,0,0,28.5,4,5,0.84,1,5.5,0.18,230,0
20.9,1,3,11.9,1,5,0.72,0,-1.5,0.63,64,1
3.6,1,0,90.1,2,2,0.87,0,4.8,0.88,145,0
2.3,1,0,27.7,0,7,0.6,1,0.6,0.83,87,1
13.8,3,2,78.7,0,3,0.7,4,8.7,0.25,240,0
2.5,1,3,64.5,1,5,0.85,3,2.6,0.84,217,0
21.6,1,0,30.7,2,3,0.87,3,16.5,0.42,312,0
1.4,0,3,4.9,4,5,0.64,2,9.8,0.18,133,1
7.7,2,0,60.3,0,0,0.77,4,0.8,0.44,156,0
16.1,0,0,72.9,4,5,0.74,4,23.6,0.12,217,0
3.6,1,1,42.3,2,3,0.95,4,4.7,0.23,151,0
3.4,3,3,146.2,3,4,0.78,5,5.6,0.87,107,0
7.5,1,3,43.7,4,1,0.66,4,5.0,0.19,200,0
24.5,1,1,24.8,1,3,0.91,3,16.5,0.07,167,0
22.7,1,3,31.5,2,3,0.73,2,5.8,0.89,130,0
4.0,1,1,37.1,2,2,0.66,2,7.1,0.66,121,0
18.4,3,0,71.7,2,2,0.74,3,2.1,0.83,68,0
1.4,1,1,14.9,1,2,0.99,2,12.2,0.1,147,0
6.4,2,3,42.6,2,5,0.77,4,9.0,0.78,1057,0
10.3,2,1,45.1,0,0,0.89,1,6.0,0.17,81,0
12.8,0,3,30.6,4,2,0.87,2,17.7,0.75,212,0
16.3,1,2,28.7,4,3,0.81,4,2.2,0.23,34,0
9.5,1,1,27.7,0,1,0.48,3,15.5,0.56,52,0
14.0,0,3,92.1,2,3,0.82,1,5.0,0.49,119,0
16.6,2,0,3.6,2,5,0.93,1,14.6,0.49,87,0
69.2,0,0,78.4,2,4,0.9,5,1.0,0.87,21,1
7.8,0,1,19.6,4,4,0.85,3,8.3,0.84,394,0
15.6,0,1,26.3,3,4,0.95,4,-1.2,0.43,93,1
19.6,2,1,175.6,4,0,0.63,2,-12.2,0.07,396,1
2.9,1,3,9.5,1,1,0.8,2,2.4,0.25,72,0
2.0,0,2,144.9,3,3,0.81,3,15.2,0.08,165,0
12.4,1,3,14.8,0,4,0.88,1,3.5,0.12,477,0
40.4,0,0,17.7,2,2,0.9,3,-16.1,0.39,324,1
3.4,0,1,42.3,0,5,0.76,3,-2.0,0.63,416,1
24.7,1,0,43.4,1,2,0.87,1,-5.5,0.7,68,1
15.5,3,3,36.8,3,4,0.91,3,14.0,0.43,627,0
2.0,2,2,11.9,3,7,0.73,2,3.0,0.34,32,0
32.2,0,3,85.7,1,2,0.52,1,9.0,0.84,322,0
11.2,1,0,33.1,3,2,0.9,5,-0.0,0.92,27,0
7.2,2,1,11.3,3,4,0.47,3,25.1,0.18,122,0
1.9,0,3,39.2,1,4,0.93,2,7.9,0.92,106,0
13.0,0,0,2.3,1,5,0.58,0,0.9,0.52,22,1
12.9,1,2,3.9,1,3,0.74,2,2.9,0.77,393,0
74.5,0,3,3.1,2,5,0.96,3,2.4,0.37,42,0
2.7,3,3,23.7,0,3,0.64,5,17.4,0.84,21,0
12.8,0,0,28.1,2,2,0.84,2,-4.7,0.87,158,1
3.7,2,3,51.7,4,2,0.62,5,8.5,0.23,523,0
6.6,2,0,37.1,4,2,0.94,3,9.2,0.47,213,0
15.3,2,1,4.9,1,2,0.87,3,2.0,0.77,213,0
8.8,1,1,138.3,2,0,0.82,5,-8.4,0.15,74,1
23.3,1,3,49.7,1,6,0.97,1,11.6,0.28,734,0
14.7,3,0,76.5,1,5,0.8,1,-4.0,0.82,183,1
25.0,1,1,27.3,4,4,0.92,1,-0.8,0.33,776,1
4.1,2,0,18.8,1,3,0.85,3,3.5,0.47,83,0
12.7,3,0,45.9,0,0,0.93,0,22.3,0.26,175,0
4.6,1,3,15.1,2,2,0.84,3,-15.8,0.11,74,1
4.4,1,2,43.5,2,2,0.79,3,8.5,0.59,71,0
16.3,2,3,1.6,3,2,0.79,5,19.2,0.56,75,0
8.1,0,3,26.3,1,3,0.91,2,0.5,0.88,493,0
2.5,2,1,43.9,3,4,0.79,1,10.4,0.87,285,0
5.8,2,3,15.0,1,1,0.9,1,12.2,0.14,65,0
5.2,2,1,57.7,1,5,0.77,4,6.7,0.52,295,0
7.4,0,3,104.5,2,2,0.69,2,7.5,0.54,575,0
15.2,3,0,17.5,1,4,0.9,2,14.5,0.52,87,0
60.1,1,1,68.3,0,4,0.84,3,5.0,0.39,134,0
2.2,1,3,18.9,3,3,0.84,1,6.3,0.52,27,0
11.2,1,1,46.6,6,2,0.83,4,17.4,0.69,86,0
5.4,1,3,87.0,0,5,0.94,2,12.1,0.75,322,0
6.4,2,0,26.5,3,7,0.94,2,7.1,0.24,288,0
18.8,2,3,6.0,1,3,0.76,2,15.8,0.18,128,0
35.9,2,1,34.1,5,3,0.94,1,6.3,0.63,306,0
1.7,1,2,82.8,3,2,0.87,1,0.6,0.29,212,1
2.4,3,1,119.2,1,4,0.75,1,-9.3,0.93,273,1
3.0,1,3,27.3,1,1,0.69,1,12.2,0.61,295,0
1.9,1,1,54.6,2,3,0.68,3,0.1,0.58,532,1
3.3,0,1,50.2,1,3,0.86,5,1.5,0.75,170,1
2.2,1,1,43.6,1,3,0.78,3,14.5,0.28,106,0
14.9,1,0,153.4,3,5,0.92,3,16.2,0.59,227,0
5.7,1,1,3.6,2,5,0.83,1,2.4,0.34,77,0
5.4,2,1,58.6,0,2,0.55,2,7.3,0.35,267,0
38.7,0,1,0.9,2,11,0.67,5,-0.4,0.61,155,1
15.9,1,0,10.2,3,4,0.58,3,10.1,0.82,174,0
3.9,2,1,10.0,5,1,0.97,3,3.8,0.93,60,0
4.5,1,2,21.4,4,3,0.87,3,0.6,0.67,142,1
8.7,2,2,10.2,0,4,0.82,4,10.5,0.19,247,0
10.6,2,3,83.6,2,4,0.58,0,-5.7,0.21,30,1
12.4,1,1,27.3,1,8,0.85,3,2.1,0.63,392,0
12.7,1,0,41.7,4,3,0.8,3,12.4,0.06,246,0
7.5,2,1,3.7,1,3,0.56,2,11.6,0.13,25,0
5.9,2,2,62.7,2,3,0.83,1,10.4,0.37,46,0
5.4,2,1,17.9,2,1,0.95,2,12.9,0.07,196,0
27.2,1,2,32.2,1,1,0.64,2,11.4,0.42,150,0
8.2,1,0,20.3,2,5,0.91,5,13.8,0.49,81,0
40.3,1,2,20.6,1,2,0.8,2,0.0,0.2,396,0
5.8,2,3,130.8,1,4,0.83,2,8.9,0.74,70,0
5.2,2,3,15.2,0,2,0.86,1,16.7,0.67,493,0
3.8,2,1,43.2,4,3,0.85,2,13.0,0.93,107,0
13.3,1,0,2.0,2,2,0.67,2,5.9,0.79,75,0
2.8,1,3,0.9,4,1,0.75,2,14.2,0.73,313,0
6.5,2,2,28.3,3,5,0.86,2,9.9,0.1,95,0
31.0,1,3,13.8,2,2,0.79,1,2.2,0.19,238,0
2.1,3,1,79.1,3,4,0.86,2,12.1,0.19,415,0
2.4,3,3,66.4,2,1,0.85,4,1.3,0.12,321,0
6.9,1,2,11.5,1,0,0.82,1,7.0,0.33,82,0
13.9,1,0,19.5,2,1,0.93,6,1.4,0.68,72,0
3.5,2,3,4.7,0,5,0.84,2,-5.1,0.73,89,1
8.0,2,2,18.9,0,1,0.82,4,1.5,0.35,42,0
15.1,3,3,14.7,1,1,0.85,4,-2.4,0.75,240,1
17.5,2,2,29.0,2,2,0.73,3,18.1,0.77,240,0
1.1,0,3,11.5,2,2,0.73,7,5.4,0.8,114,0
4.2,0,3,35.9,3,3,0.96,2,5.4,0.18,472,0
1.8,1,0,2.8,2,1,0.91,2,1.1,0.34,80,0
18.4,0,1,57.4,2,2,0.74,2,11.7,0.86,37,0
43.3,0,1,3.7,0,3,0.62,4,8.8,0.54,57,0
9.3,0,3,13.9,2,3,0.77,6,-0.6,0.76,103,1
30.2,0,2,18.9,1,4,0.82,2,13.7,0.41,160,0
4.7,1,1,6.4,1,3,0.62,1,-2.8,0.85,71,1
20.7,0,1,88.1,1,4,0.64,3,1.6,0.46,122,1
6.3,3,0,56.9,1,3,0.89,5,19.5,0.84,131,0
5.1,1,2,30.7,1,3,0.36,0,-7.6,0.13,132,1
3.3,1,1,131.5,2,2,0.93,3,-10.9,0.24,76,1
47.5,1,3,14.9,1,3,0.8,3,0.5,0.35,51,0
2.1,1,1,11.1,0,3,0.89,2,0.3,0.59,139,0
16.5,1,1,27.4,1,4,0.78,1,8.4,0.45,25,0
5.7,1,1,5.3,1,0,0.64,1,2.0,0.29,1046,0
25.8,0,1,9.0,1,0,0.93,2,18.5,0.77,144,0
8.2,0,1,72.8,3,7,0.83,2,13.8,0.18,88,0
23.8,1,3,24.7,2,4,0.84,2,-3.4,0.81,104,1
9.0,0,3,15.0,1,3,0.86,2,10.5,0.11,156,0
21.1,2,0,19.0,0,3,0.92,1,-6.4,0.36,213,1
3.9,1,0,53.0,1,4,0.74,0,2.9,0.42,54,0
4.6,1,0,13.3,3,1,0.65,3,-2.4,0.65,105,1
18.3,3,3,42.9,2,2,0.72,5,3.7,0.14,156,0
2.4,2,2,37.8,2,3,0.65,4,2.6,0.3,35,0
10.2,2,3,14.7,2,4,0.9,2,13.8,0.09,30,0
13.2,1,2,31.4,2,5,0.5,3,2.1,0.84,20,0
14.4,3,1,107.5,2,3,0.92,3,3.3,0.81,67,0
14.0,2,0,12.7,3,3,0.53,3,-6.1,0.54,26,1
13.0,1,3,23.0,1,1,0.73,2,0.7,0.67,20,0
3.9,1,0,24.3,0,1,0.72,1,7.8,0.52,24,0
11.7,3,1,37.2,2,6,0.66,2,6.6,0.45,224,0
7.5,2,3,17.8,1,6,0.66,7,8.8,0.81,146,0
8.1,1,0,20.3,1,4,0.95,2,1.7,0.84,291,0
10.1,0,2,18.0,1,6,0.92,2,4.5,0.87,32,0
2.9,0,1,55.7,2,1,0.62,3,20.6,0.23,558,0
5.4,1,1,13.2,2,3,0.76,2,8.7,0.64,58,0
10.3,1,3,1.3,3,2,0.87,2,-10.7,0.37,135,1
5.5,0,3,8.6,6,1,0.76,2,2.2,0.13,217,0
17.7,2,2,1.5,2,2,0.61,1,2.8,0.37,162,0
19.0,3,1,6.6,1,3,0.84,2,-2.0,0.65,78,1
1.6,3,1,54.6,2,3,0.76,5,-0.1,0.62,70,1
18.3,1,0,32.1,3,3,0.89,3,15.9,0.84,180,0
1.8,0,1,35.1,0,4,0.92,2,23.8,0.3,255,0
12.7,0,3,12.4,1,5,0.81,1,19.7,0.76,266,0
8.5,2,1,15.2,5,7,0.81,2,11.5,0.36,284,0
37.3,1,0,23.5,4,4,0.86,2,18.5,0.43,363,0
8.2,1,0,12.4,0,2,0.7,4,-9.4,0.39,159,1
71.8,2,0,80.8,1,1,0.81,1,-4.6,0.32,115,1
1.5,1,3,20.1,1,4,0.75,2,11.1,0.67,96,0
5.4,0,1,12.2,2,5,0.98,2,2.3,0.11,160,0
2.4,0,1,22.1,1,1,0.93,2,4.4,0.81,56,0
3.5,2,1,48.0,2,3,0.81,2,12.6,0.39,198,0
6.4,1,2,55.4,1,7,0.79,3,7.9,0.73,213,1
1.8,0,1,12.6,2,3,0.77,1,-3.6,0.16,192,1
13.7,0,3,34.0,2,2,0.92,3,14.3,0.24,547,0
27.5,1,1,214.7,7,4,0.57,3,8.3,0.22,439,1
5.7,0,1,117.4,3,5,0.77,2,19.4,0.86,424,0
3.0,3,0,66.5,4,6,0.75,4,13.7,0.85,249,1
11.3,1,1,20.4,4,3,0.64,0,1.1,0.2,62,1
4.1,2,2,5.5,2,2,0.48,2,-5.4,0.44,30,1
19.0,0,3,73.3,4,1,0.84,4,-6.5,0.36,271,1
62.0,1,1,139.8,2,3,0.9,4,2.5,0.36,378,0
8.5,0,1,83.8,0,3,0.79,1,3.3,0.77,97,0
21.4,1,1,36.5,2,3,0.71,3,9.7,0.56,99,0
10.9,1,1,45.9,1,2,0.8,4,-4.1,0.34,40,1
4.7,1,0,2.6,1,4,0.85,3,0.2,0.2,109,1
24.4,0,2,8.6,0,3,0.74,3,6.3,0.68,109,0
15.9,1,1,20.5,1,6,0.99,1,8.1,0.8,27,0
8.9,1,3,78.0,2,1,0.96,0,-2.5,0.43,33,1
3.8,0,1,21.9,1,2,0.94,2,-2.1,0.43,89,1
12.2,1,1,4.2,4,3,0.8,2,12.2,0.38,190,0
13.8,0,3,7.8,1,3,0.76,2,-5.5,0.71,61,1
17.2,0,1,130.9,2,3,0.71,2,12.6,0.38,44,0
27.2,1,1,7.2,1,1,0.72,1,6.8,0.77,28,0
9.8,1,1,106.2,3,5,0.66,1,21.7,0.57,71,0
35.3,1,1,144.2,1,4,0.7,2,13.8,0.66,30,0
3.3,1,0,22.6,3,2,0.9,3,11.4,0.28,37,0
11.1,1,1,2.9,4,2,0.47,3,16.4,0.84,106,0
4.5,1,2,12.3,2,4,0.73,1,10.2,0.33,90,0
29.5,1,1,18.0,2,5,0.79,5,-12.4,0.84,37,1
36.7,3,3,10.3,1,5,0.93,2,0.7,0.46,751,0
11.8,1,3,48.7,1,5,0.87,5,2.6,0.73,295,0
42.6,1,0,108.1,1,4,0.52,3,0.4,0.55,80,1
4.6,1,2,7.8,2,8,0.3,1,6.1,0.43,208,1
3.4,1,1,62.1,1,4,0.94,4,10.8,0.13,52,0
10.1,3,1,37.5,3,1,0.65,4,0.7,0.51,182,0
11.3,1,0,20.6,0,1,0.81,0,8.4,0.41,88,0
1.4,1,1,20.8,1,2,0.7,1,-0.3,0.55,231,1
9.1,0,2,48.1,4,5,0.77,0,0.6,0.62,141,1
13.9,1,0,87.7,2,5,0.84,1,2.8,0.69,193,0
10.8,1,0,53.6,1,4,0.87,2,14.1,0.95,68,0
23.9,3,0,33.5,3,4,0.84,3,11.5,0.87,178,0
2.0,0,3,83.0,1,1,0.82,0,-12.1,0.47,43,1
1.4,1,3,21.3,1,3,0.84,2,11.6,0.72,86,0
1.3,0,3,102.6,0,3,0.95,5,7.7,0.4,276,0
23.6,3,0,20.3,2,1,0.76,5,14.8,0.9,46,0
14.0,0,3,13.1,2,7,0.81,3,1.7,0.75,114,0
9.2,2,0,32.9,1,4,0.65,2,-0.6,0.83,108,1
11.1,1,1,65.7,1,4,0.84,1,18.7,0.78,31,0
4.6,2,1,42.6,4,2,0.66,2,4.7,0.7,66,0
12.4,3,3,30.3,1,3,0.73,3,-0.6,0.7,138,1
11.9,0,0,10.5,1,3,0.39,2,11.9,0.46,48,0
10.7,0,1,12.3,1,6,0.98,0,10.9,0.07,246,0
2.5,3,1,49.3,1,5,0.63,2,8.7,0.69,447,1
11.7,0,2,25.5,0,2,0.84,1,12.9,0.25,273,0
5.0,0,3,1.9,0,3,0.81,5,9.0,0.6,94,0
11.2,0,1,13.2,0,2,0.88,1,5.2,0.05,417,0
19.1,0,0,17.1,4,3,0.82,4,10.9,0.7,61,0
17.7,1,3,43.3,0,3,0.78,1,-10.7,0.18,311,1
14.7,2,1,138.4,2,4,0.78,3,1.6,0.49,140,1
10.2,3,0,47.2,2,3,0.85,8,-3.8,0.84,33,1
31.3,1,1,42.9,0,3,0.84,3,4.5,0.11,105,0
1.6,2,0,15.0,0,5,0.87,1,9.6,0.86,437,0
10.7,1,3,51.1,3,0,0.9,1,-1.6,0.85,27,1
29.5,2,3,26.2,5,3,0.91,2,28.6,0.77,297,0
8.6,3,1,5.8,1,4,0.87,3,0.0,0.37,286,1
17.6,2,0,1.4,3,8,0.9,3,9.2,0.24,522,0
2.3,1,1,0.8,7,4,0.86,1,9.4,0.3,84,0
3.8,0,0,13.2,1,2,0.6,2,5.7,0.52,72,0
30.5,1,2,109.6,3,6,0.56,4,-3.5,0.36,33,1
37.7,0,3,11.7,2,3,0.7,3,10.8,0.85,221,0
11.9,2,2,21.6,3,3,0.86,3,6.5,0.87,201,0
2.2,0,2,14.4,1,7,0.72,2,-3.2,0.61,20,1
27.9,0,1,95.5,2,7,0.69,2,11.0,0.89,91,0
7.0,1,1,46.2,1,2,0.77,2,4.9,0.1,29,0
15.7,0,1,33.6,1,8,0.98,4,7.1,0.13,416,0
35.2,2,3,15.1,4,4,0.85,2,3.5,0.25,168,0
32.7,1,0,1.9,0,4,0.97,1,0.9,0.49,275,0
10.7,1,2,16.4,1,2,0.9,5,10.9,0.42,303,0
2.5,2,0,91.4,1,2,0.92,1,23.0,0.52,34,0
10.9,1,1,57.9,2,5,0.95,2,3.8,0.65,51,0
4.6,1,3,48.4,3,0,0.91,1,11.7,0.69,48,0
10.1,0,3,19.5,4,3,0.81,1,-6.4,0.72,119,1
13.3,2,0,5.5,1,3,0.86,5,10.9,0.56,343,0
5.0,0,0,1.3,2,3,0.67,1,20.8,0.91,94,0
1.8,1,2,17.3,1,4,0.73,2,6.1,0.4,182,0
17.3,0,0,6.3,1,2,0.91,2,-5.1,0.05,251,1
2.8,2,0,81.8,3,7,0.89,4,18.5,0.63,316,0
2.4,2,1,73.5,0,3,0.92,4,4.8,0.91,612,0
21.6,2,2,23.5,2,5,0.64,1,10.2,0.66,87,0
10.8,1,1,12.3,0,8,0.63,0,9.9,0.72,94,1
2.4,0,3,15.4,1,2,0.52,3,17.0,0.42,201,0
1.1,1,2,111.4,2,3,0.88,5,7.7,0.64,151,0
14.4,2,0,51.8,1,4,0.8,0,5.0,0.27,146,0
49.3,0,1,12.6,1,5,0.88,1,6.0,0.54,20,0
28.2,1,0,8.2,1,7,0.69,1,8.0,0.76,648,0
11.9,0,2,1.5,3,5,0.79,6,0.7,0.06,130,1
8.1,3,3,4.4,3,3,0.92,3,5.3,0.39,136,0
3.7,0,2,8.1,2,3,0.96,0,-5.4,0.46,245,1
1.4,1,0,7.0,1,2,0.68,2,13.5,0.63,655,0
11.3,2,1,65.8,2,3,0.7,4,10.9,0.38,49,0
18.6,2,0,24.5,2,4,0.81,3,6.8,0.58,90,0
42.1,1,1,17.8,1,3,0.97,0,0.8,0.27,296,0
13.0,2,0,27.3,0,6,0.94,3,11.9,0.65,196,0
26.2,2,2,23.5,3,4,0.77,3,20.0,0.45,93,0
9.3,2,1,70.8,0,2,0.79,1,-1.2,0.14,116,1
22.6,2,0,11.7,2,2,0.83,1,10.8,0.72,670,0
39.2,1,1,63.6,3,3,0.57,2,-14.0,0.29,1340,1
11.0,3,2,97.4,3,2,0.84,1,8.1,0.05,106,0
30.4,3,0,5.2,0,2,0.83,3,17.9,0.56,22,0
3.8,3,2,42.5,1,0,0.95,1,-5.8,0.29,72,0
4.2,1,1,21.2,0,2,0.77,0,-8.6,0.78,257,1
8.6,1,2,11.9,0,1,0.98,0,-7.1,0.27,63,0
7.1,0,0,19.2,0,3,0.83,5,2.4,0.91,219,0
5.6,2,0,17.5,2,4,0.97,3,5.5,0.88,170,0
10.1,2,0,6.2,4,4,0.95,4,4.4,0.21,203,0
6.4,3,1,6.9,3,2,0.86,4,-3.9,0.33,64,1
6.0,0,2,42.0,1,5,0.9,2,9.3,0.21,226,0
9.6,1,0,23.0,1,5,0.92,5,2.3,0.7,148,0
28.8,0,1,9.4,2,3,0.77,3,3.4,0.5,154,0
19.1,0,3,39.8,0,1,0.71,2,3.8,0.52,274,0
10.5,1,3,29.7,1,4,0.94,1,-6.0,0.94,150,1
6.3,3,2,5.4,3,3,0.53,4,12.3,0.73,70,0
12.5,2,1,54.8,1,4,0.94,1,4.5,0.72,81,0
3.4,2,0,15.0,3,5,0.91,2,-1.4,0.18,138,1
2.2,1,0,11.3,2,7,0.75,4,8.7,0.34,159,0
3.3,1,1,39.9,0,3,0.86,2,1.4,0.51,50,0
1.3,1,3,1.1,0,5,0.79,4,-2.7,0.55,46,1
14.5,0,0,1.4,0,2,0.9,1,4.4,0.46,162,0
7.8,2,2,14.2,4,4,0.78,1,5.0,0.56,157,0
1.8,2,1,17.8,0,3,0.85,5,0.8,0.76,324,0
2.3,0,0,16.4,3,5,0.9,3,-0.7,0.71,122,1
1.7,1,1,48.5,0,1,0.48,2,3.4,0.83,290,0
1.7,2,0,4.9,0,4,0.68,3,20.5,0.32,292,0
7.8,0,0,12.3,0,6,0.62,1,3.2,0.91,376,1
28.9,1,3,60.2,2,6,0.95,2,6.6,0.21,69,0
11.5,0,3,5.2,3,4,0.79,0,23.8,0.14,216,0
7.3,1,1,17.8,3,1,0.68,1,21.9,0.36,60,0
8.3,2,3,61.7,2,4,0.87,3,13.2,0.7,370,0
14.1,3,0,96.5,0,3,0.86,5,9.7,0.4,274,1
2.4,2,0,3.1,0,10,0.95,6,-4.0,0.08,74,1
22.6,2,2,84.2,1,0,0.69,3,-0.4,0.42,162,1
11.6,1,1,12.6,2,3,0.86,4,7.8,0.55,127,0
9.3,2,0,72.7,0,3,0.85,0,0.9,0.11,119,1
3.8,1,1,12.4,1,1,0.67,3,2.4,0.42,452,0
8.6,1,0,1.1,2,4,0.75,4,22.7,0.39,164,0
3.1,2,3,14.1,1,3,0.75,4,6.8,0.42,103,0
12.5,0,3,36.9,2,4,0.66,3,2.5,0.93,321,0
31.3,3,1,10.1,1,6,0.85,3,8.5,0.6,153,0
3.9,1,2,0.9,3,4,0.9,2,11.6,0.7,201,0
16.0,1,3,63.6,3,5,0.74,1,5.4,0.93,124,0
42.3,0,0,15.9,3,2,0.69,2,-9.6,0.54,69,1
10.8,1,3,13.7,3,9,0.76,5,6.0,0.81,71,0
10.5,1,1,3.2,2,5,0.76,1,6.3,0.09,59,0
2.8,0,3,22.0,2,1,0.73,3,17.2,0.77,297,0
3.9,2,0,45.4,0,4,0.76,2,14.8,0.2,303,0
2.2,1,3,6.2,2,2,0.85,1,12.7,0.55,124,0
28.9,1,0,30.9,2,1,0.89,5,13.6,0.23,353,0
23.7,1,0,34.3,2,3,0.79,3,8.0,0.42,55,0
22.5,0,3,4.7,2,4,0.52,4,3.4,0.37,879,0
13.8,1,1,33.3,2,0,0.88,1,1.3,0.8,112,0
21.6,1,1,21.7,2,6,0.82,3,22.5,0.73,263,0
13.5,1,1,47.6,1,3,0.66,1,12.7,0.74,133,0
6.5,2,0,47.0,2,3,0.88,2,4.8,0.38,60,0
6.0,2,3,62.4,1,2,0.79,4,8.3,0.16,34,0
19.6,3,1,132.9,2,6,0.96,2,6.7,0.24,181,1
18.7,0,0,23.6,2,5,0.88,0,3.3,0.21,95,0
8.1,2,0,23.7,4,2,0.81,3,3.7,0.35,260,0
2.6,2,0,13.6,3,5,0.73,3,-4.7,0.78,60,1
11.8,1,1,44.5,0,4,0.91,3,4.4,0.13,131,0
24.6,1,1,11.0,1,3,0.85,3,1.3,0.58,80,0
2.3,1,1,24.5,2,3,0.87,5,5.9,0.59,32,0
1.6,1,0,2.2,0,6,0.87,0,6.3,0.27,489,0
12.8,1,1,12.6,3,2,0.82,4,18.5,0.12,504,0
15.5,2,3,24.0,3,0,0.83,1,-7.9,0.47,36,1
9.7,0,0,13.9,4,2,0.75,1,-0.4,0.59,246,1
17.9,1,3,102.9,2,5,0.91,5,-5.1,0.49,111,1
37.3,1,1,57.5,1,2,0.67,1,13.0,0.74,52,0
1.5,1,1,54.5,2,2,0.78,1,-3.6,0.17,249,1
18.9,2,1,169.2,1,4,0.87,2,-3.2,0.54,41,1
29.3,1,3,13.5,1,2,0.91,2,8.5,0.81,294,0
4.6,3,0,62.5,0,2,0.87,1,7.2,0.53,730,1
7.9,0,2,61.4,3,0,0.94,1,8.1,0.59,200,0
3.0,1,3,42.0,1,5,0.97,1,4.4,0.55,371,0
2.4,1,1,17.3,5,4,0.75,3,1.6,0.83,328,1
12.4,1,3,9.8,1,5,0.7,0,15.9,0.69,40,0
8.4,0,0,55.9,1,0,0.92,1,13.4,0.86,48,0
18.9,3,3,44.7,3,3,0.96,2,5.1,0.81,166,0
18.2,0,0,13.9,1,8,0.48,3,2.3,0.19,411,1
2.7,1,1,20.0,1,9,0.79,5,6.6,0.18,170,0
12.8,1,0,20.9,2,2,0.96,2,6.5,0.84,554,0
31.6,1,1,28.1,2,1,0.69,5,3.7,0.49,208,0
8.0,1,0,36.9,1,2,0.98,1,-0.1,0.56,354,1
18.9,1,3,18.2,2,4,0.91,1,10.3,0.09,154,0
7.9,1,2,24.3,2,5,0.87,3,8.3,0.6,138,0
24.7,1,1,26.0,0,3,0.76,0,-2.5,0.2,307,1
1.5,3,2,7.3,3,3,0.82,3,6.1,0.24,44,0
15.9,2,3,98.4,1,1,0.81,2,-7.7,0.95,481,1
2.9,3,1,31.4,2,1,0.75,3,-8.1,0.49,90,1
15.9,1,1,31.4,2,4,0.77,2,-3.5,0.83,31,1
3.7,1,3,43.5,0,4,0.81,1,7.7,0.79,156,0
6.7,2,0,8.9,1,2,0.65,4,33.2,0.27,166,0
8.6,1,0,21.1,2,4,0.94,6,0.5,0.41,262,0
1.5,2,3,25.4,1,1,0.66,3,6.0,0.35,109,0
9.2,2,1,73.1,3,2,0.86,1,8.5,0.42,23,0
17.2,1,2,23.2,0,4,0.99,7,1.1,0.7,211,0
5.1,2,1,3.1,0,1,0.79,5,3.4,0.67,41,0
12.5,1,2,6.0,4,6,0.87,1,1.5,0.85,477,1
9.1,2,1,15.5,2,6,0.8,0,5.4,0.19,161,0
1.1,1,1,8.6,3,5,0.61,5,4.1,0.06,41,1
26.9,3,3,21.5,2,5,0.69,1,-0.9,0.36,162,1
9.6,0,3,6.8,3,4,0.95,1,-5.8,0.81,33,1
1.8,1,1,6.8,2,1,0.87,4,1.4,0.35,321,0
10.7,1,0,25.2,4,3,0.94,1,-0.2,0.67,55,1
23.8,1,0,40.2,1,4,0.76,2,-3.0,0.27,130,1
21.3,1,0,48.2,2,2,0.74,3,8.0,0.14,227,0
2.4,1,0,73.0,1,5,0.71,4,9.3,0.8,209,0
1.8,1,2,10.8,2,4,0.79,3,-4.1,0.18,126,1
21.3,2,3,53.2,0,5,0.71,2,0.7,0.57,152,0
15.1,3,0,40.7,2,2,0.57,5,2.0,0.85,441,0
2.4,1,3,62.2,1,4,0.51,1,9.9,0.14,36,0
2.4,1,0,101.3,1,4,0.49,2,8.7,0.07,324,1
2.2,0,1,43.9,3,4,0.54,6,1.4,0.83,474,1
9.2,0,2,17.0,0,5,0.92,2,4.1,0.69,189,0
6.3,2,1,57.5,6,1,0.91,3,7.0,0.94,336,0
7.1,0,3,31.0,2,1,0.89,3,4.2,0.61,563,0
27.8,3,3,51.6,1,2,0.87,0,15.9,0.78,443,0
4.4,2,3,28.7,1,3,0.95,2,17.4,0.79,201,0
5.0,1,3,4.9,0,4,0.8,2,-8.5,0.32,205,1
2.2,1,1,45.0,6,4,0.76,3,-1.7,0.75,33,1
7.7,1,3,50.8,4,0,0.76,1,1.7,0.15,22,0
2.3,2,1,11.0,1,2,0.93,2,-4.8,0.17,1437,1
2.9,1,3,6.1,2,2,0.95,1,10.7,0.54,102,0
13.1,1,3,36.8,0,2,0.8,3,17.2,0.73,197,0
7.7,1,0,20.6,2,2,0.7,4,9.8,0.55,816,0
11.5,1,1,151.0,1,5,0.78,3,30.0,0.79,285,0
18.5,2,3,41.3,4,4,0.66,4,5.0,0.42,95,0
17.9,2,3,15.9,4,1,0.73,5,2.1,0.67,159,0
2.6,1,3,60.6,0,2,0.64,1,7.9,0.81,302,0
26.4,0,1,22.9,0,6,0.77,1,6.7,0.3,280,0
3.4,1,3,18.1,0,3,0.67,1,-8.3,0.46,108,1
15.3,2,3,0.7,0,4,0.93,5,-1.6,0.37,262,1
2.5,1,3,8.6,2,3,0.7,1,-6.8,0.14,21,1
1.6,3,2,101.6,0,2,0.93,1,-10.6,0.57,178,1
5.9,1,1,17.5,1,6,0.68,3,4.9,0.51,357,0
18.8,1,1,21.8,1,5,0.49,5,18.3,0.19,315,0
7.4,1,2,19.5,2,2,0.8,2,-2.8,0.63,130,1
4.8,0,3,79.4,1,2,0.9,4,15.8,0.27,72,0
52.7,3,2,9.2,4,7,0.96,2,-4.5,0.83,225,1
2.4,1,0,49.0,1,1,0.85,3,5.4,0.26,122,0
1.4,1,3,2.3,1,1,0.88,0,12.7,0.54,146,0
42.3,2,3,24.3,2,7,0.85,5,4.7,0.7,205,0
22.6,1,3,4.1,2,2,0.84,3,-2.2,0.84,61,1
26.5,1,2,11.2,1,3,0.84,4,6.2,0.14,116,0
1.9,1,2,14.6,1,3,0.84,2,0.5,0.82,106,1
18.0,1,2,9.1,0,3,0.8,3,0.1,0.66,35,0
1.8,2,2,8.5,4,2,0.63,2,-4.4,0.75,161,1
7.7,1,1,99.0,1,4,0.93,5,3.6,0.6,280,0
18.2,0,0,87.8,1,3,0.72,2,0.8,0.38,174,0
6.5,2,1,25.6,1,4,0.6,0,19.0,0.62,171,0
5.1,2,2,31.4,1,2,0.74,2,15.0,0.75,64,0
7.8,1,0,44.1,0,2,0.96,3,0.4,0.58,43,0
10.1,1,2,29.3,4,1,0.92,0,24.1,0.84,145,0
1.1,0,1,5.9,1,2,0.6,1,8.8,0.26,223,0
10.5,3,3,6.4,4,5,0.37,3,-8.3,0.16,51,1
13.8,2,1,14.7,2,0,0.74,2,14.9,0.64,236,0
6.2,2,1,30.5,1,4,0.79,3,-1.0,0.49,147,1
13.7,2,3,57.8,2,1,0.54,1,6.0,0.35,294,0
1.9,1,1,121.3,2,1,0.71,1,13.1,0.46,58,0
13.2,0,1,4.4,3,1,0.75,2,-2.7,0.17,262,1
4.0,1,3,32.9,4,4,0.63,3,8.9,0.37,128,0
31.1,3,3,25.6,1,1,0.72,4,13.8,0.56,281,0
15.8,2,3,10.5,4,4,0.96,3,-11.3,0.62,345,1
14.5,1,2,14.5,0,5,0.96,3,8.0,0.22,128,0
5.9,1,1,8.1,1,5,0.88,2,2.5,0.72,152,0
36.2,0,2,13.4,1,2,0.57,3,12.0,0.58,53,0
1.9,0,1,14.9,2,5,0.8,3,-1.5,0.7,21,1
5.5,1,3,51.0,3,3,0.94,3,1.6,0.68,51,0
40.1,2,0,31.1,1,3,0.87,4,20.4,0.21,364,0
1.9,1,1,13.9,0,1,0.94,4,17.3,0.83,312,0
5.7,2,1,73.1,1,4,0.86,5,5.4,0.61,106,0
1.1,0,0,60.7,3,5,0.75,5,14.5,0.39,113,0
2.7,1,1,32.7,2,3,0.73,2,2.6,0.68,265,0
8.3,1,2,11.7,3,2,0.74,2,-2.7,0.63,47,1
3.9,2,1,1.6,2,4,0.79,3,0.5,0.88,190,0
6.9,3,3,11.6,3,3,0.85,1,-5.0,0.42,369,1
3.2,1,3,45.6,1,2,0.9,2,10.7,0.24,65,0
5.1,0,2,111.6,4,8,0.89,2,9.8,0.18,86,1
32.7,2,0,21.9,1,2,0.56,2,28.6,0.05,196,0
4.0,1,3,43.8,0,1,0.56,3,9.1,0.27,98,0
37.1,0,2,4.9,1,4,0.72,4,12.3,0.37,22,0
21.2,2,1,2.2,1,1,0.86,0,0.7,0.8,929,0
4.6,3,3,78.3,0,4,0.81,3,11.1,0.47,219,0
9.0,1,2,35.1,1,3,0.66,1,1.6,0.54,351,1
22.8,2,0,26.5,1,1,0.86,4,15.1,0.13,178,0
40.8,0,1,58.8,2,6,0.77,3,-0.8,0.34,27,1
3.5,2,2,15.6,3,2,0.85,4,5.5,0.33,131,0
1.0,1,3,4.6,2,4,0.95,7,18.6,0.33,100,0
9.3,0,3,1.6,2,4,0.88,2,15.8,0.81,159,0
17.3,2,0,47.1,1,0,0.89,3,9.4,0.63,407,0
4.0,0,0,8.8,4,4,0.92,2,7.9,0.14,68,0
10.2,2,2,27.2,2,2,0.8,3,-10.3,0.24,437,1
14.6,0,3,14.2,2,5,0.91,2,-0.1,0.4,75,1
16.4,1,0,59.1,2,3,0.82,3,-10.0,0.81,138,1
9.0,1,0,13.4,1,3,0.88,3,3.2,0.46,399,0
3.2,3,3,6.6,2,5,0.58,2,8.5,0.18,350,0
41.6,0,2,7.8,5,2,0.83,2,-5.5,0.31,235,1
31.0,3,1,7.9,1,4,0.86,0,14.2,0.11,124,0
9.0,1,2,41.5,1,1,0.81,8,-1.3,0.05,98,1
24.5,3,1,114.1,1,2,0.94,2,10.2,0.5,135,0
9.1,2,2,0.7,5,4,0.74,1,8.0,0.63,548,0
24.9,1,2,18.2,1,2,0.71,1,24.0,0.07,28,0
7.1,1,2,17.5,2,4,0.83,3,30.0,0.85,134,0
9.6,1,0,11.1,2,2,0.73,5,3.8,0.67,481,0
35.7,2,2,52.3,1,4,0.62,0,13.2,0.73,32,1
21.6,1,1,34.8,0,2,0.96,2,4.9,0.1,468,0
2.6,1,3,27.0,0,5,0.97,2,7.7,0.38,177,0
5.6,2,0,8.0,0,2,0.72,5,17.8,0.09,309,0
5.9,3,2,95.1,0,3,0.88,5,8.6,0.64,243,0
22.0,2,0,5.8,1,4,0.87,2,-8.1,0.49,413,1
4.1,1,2,8.6,2,2,0.73,3,25.1,0.57,383,0
11.9,0,1,33.7,0,3,0.84,1,11.8,0.81,83,0
9.9,2,0,39.8,5,2,0.98,1,8.5,0.86,150,0
9.8,2,0,148.4,4,3,0.75,4,14.6,0.88,131,0
16.9,1,1,89.4,0,5,0.89,1,16.2,0.72,178,0
9.1,0,2,21.6,1,7,0.78,2,-7.8,0.45,55,1
1.4,0,1,27.1,0,1,0.78,6,-8.2,0.19,28,1
17.6,1,3,50.4,0,5,0.79,1,13.7,0.62,341,0
6.3,1,0,7.1,2,6,0.68,3,13.3,0.71,162,0
4.2,1,1,4.5,1,2,0.77,4,13.0,0.29,208,0
19.2,1,2,98.8,0,2,0.79,4,11.4,0.18,488,0
36.4,3,2,151.7,1,4,0.91,3,7.4,0.67,206,0
13.9,2,3,31.4,4,2,0.72,4,10.9,0.57,361,0
2.9,1,2,49.0,1,0,0.75,3,2.4,0.1,84,0
2.0,0,1,44.8,1,2,0.89,1,16.2,0.06,41,0
5.2,1,3,10.0,0,4,0.54,0,-7.0,0.1,35,1
3.3,1,1,66.0,2,1,0.83,3,5.4,0.62,81,0
14.5,1,1,31.9,3,3,0.83,2,10.3,0.54,176,0
18.4,1,1,32.7,2,3,0.88,4,4.5,0.81,273,0
14.8,1,2,16.3,2,5,0.81,7,10.5,0.82,158,0
18.8,1,1,9.1,3,6,0.78,1,0.9,0.38,40,1
10.0,1,3,63.4,2,8,0.93,2,-1.9,0.43,76,1
43.3,0,1,6.4,1,1,0.84,4,-2.9,0.56,79,1
2.4,1,0,5.1,3,3,0.79,0,4.6,0.47,100,0
7.8,2,2,60.0,2,3,0.88,2,6.2,0.24,182,0
2.3,2,2,120.1,1,5,0.96,2,6.0,0.05,182,0
1.4,3,1,42.0,2,4,0.78,5,11.5,0.58,545,0
17.8,1,3,23.2,1,3,0.8,5,14.2,0.7,28,0
13.5,1,0,19.7,4,4,0.89,2,16.6,0.37,289,0
39.9,0,3,7.2,5,2,0.52,1,3.9,0.28,260,0
15.3,3,1,140.9,0,1,0.33,3,6.6,0.81,56,1
3.0,2,1,30.0,4,3,0.78,1,7.0,0.7,500,0
14.0,1,1,42.0,3,2,0.8,5,5.3,0.65,536,0
21.5,0,3,47.2,3,2,0.93,2,13.7,0.18,170,0
11.8,3,0,62.3,1,4,0.6,1,-12.9,0.59,22,1
9.1,1,1,9.1,1,1,0.92,2,2.9,0.94,68,0
10.1,1,1,25.3,3,8,0.91,3,6.1,0.62,113,0
13.5,2,3,69.9,3,9,0.89,2,2.9,0.17,114,0
7.2,2,2,39.6,1,3,0.77,2,7.1,0.6,387,0
14.7,3,1,67.7,4,2,0.72,0,8.2,0.75,222,0
7.8,2,0,15.4,6,4,0.81,5,26.3,0.54,51,0
19.4,2,0,29.3,1,4,0.74,1,-2.5,0.56,94,1
3.8,3,1,37.4,5,4,0.66,2,10.9,0.28,33,0
3.2,2,3,17.9,0,1,0.59,2,3.6,0.53,232,0
12.6,2,3,16.9,4,5,0.75,1,15.9,0.08,133,0
25.9,1,2,16.4,1,4,0.69,1,4.8,0.35,55,0
21.2,1,2,14.1,5,5,0.77,0,13.7,0.1,382,0
12.4,0,1,1.6,0,3,0.69,4,7.9,0.25,343,0
7.8,1,0,9.2,6,6,0.58,3,3.4,0.83,114,1
3.2,2,0,18.6,2,3,0.96,3,16.4,0.62,132,0
16.9,1,0,1.7,1,4,0.78,1,10.9,0.24,172,0
10.0,1,1,12.0,2,1,0.89,4,1.6,0.84,100,0
11.1,2,1,31.9,0,3,0.82,1,-3.6,0.3,103,1
10.7,0,3,48.0,0,1,0.89,0,10.0,0.62,601,0
8.4,1,3,17.7,2,1,0.83,3,-2.6,0.13,217,1
16.5,2,3,21.5,1,5,0.81,1,-5.1,0.58,547,1
31.4,1,0,2.1,2,6,0.87,4,2.0,0.08,29,0
4.8,1,1,32.7,1,3,0.74,2,-0.8,0.46,46,1
8.8,2,1,10.0,1,3,0.94,3,2.0,0.65,211,0
29.4,2,0,24.5,3,2,0.84,2,14.7,0.56,147,0
2.1,3,1,10.9,2,2,0.65,1,2.0,0.64,30,0
24.6,1,2,0.9,1,2,0.9,3,0.7,0.74,56,0
17.4,3,3,37.5,2,4,0.64,3,3.4,0.3,46,0
53.8,2,2,8.2,0,6,0.84,2,8.5,0.3,283,0
3.9,1,2,15.4,2,3,0.73,4,-4.6,0.69,89,1
2.5,1,3,5.5,1,1,0.6,2,20.2,0.82,29,0
23.1,1,0,23.2,3,2,0.65,3,3.2,0.1,407,0
9.1,1,1,14.7,1,4,0.7,1,15.7,0.57,21,0
12.2,0,0,43.4,2,1,0.98,4,7.9,0.74,119,0
1.9,3,2,46.7,3,3,0.76,4,9.0,0.21,83,0
7.7,0,1,28.8,1,1,0.66,0,8.8,0.8,22,0
25.5,1,1,25.9,0,2,0.97,4,-10.2,0.81,99,1
10.6,1,0,29.9,1,1,0.89,2,3.6,0.47,144,0
33.1,1,3,3.8,2,7,0.66,2,1.4,0.49,268,0
4.2,3,1,96.9,5,3,0.82,3,5.8,0.56,277,1
2.5,2,1,18.2,1,1,0.68,3,10.5,0.42,60,0
9.5,1,2,3.2,1,5,0.72,0,9.7,0.75,284,0
22.1,0,3,10.0,0,2,0.58,6,3.9,0.58,116,0
2.6,1,1,35.4,1,1,0.82,2,18.5,0.45,127,0
11.5,1,0,37.8,3,5,0.55,3,-4.1,0.53,271,1
19.9,1,0,16.8,0,1,0.98,1,22.4,0.31,227,0
25.2,0,1,1.2,1,3,0.86,4,11.7,0.63,208,0
22.3,2,1,67.9,2,7,0.68,5,9.2,0.52,326,0
13.4,2,3,313.2,3,7,0.92,2,8.7,0.62,76,0
10.6,2,0,42.8,2,0,0.88,1,1.3,0.64,55,1
27.8,2,1,22.5,2,1,0.89,4,-1.9,0.95,132,1
18.2,2,2,1.2,0,4,0.94,6,7.2,0.8,55,0
4.5,1,1,9.2,1,6,0.91,0,20.5,0.3,250,0
6.5,1,1,108.9,3,4,0.96,4,13.0,0.68,117,0
3.4,0,0,10.6,1,2,0.68,2,-4.1,0.5,201,1
5.4,1,0,27.5,1,2,0.5,5,6.2,0.34,126,0
9.1,1,0,20.8,2,3,0.68,7,-2.0,0.36,108,1
34.6,2,2,20.5,1,2,0.9,7,5.3,0.44,330,0
1.2,1,3,6.3,0,8,0.89,2,-12.4,0.12,383,1
5.0,1,1,8.5,0,4,0.6,1,13.0,0.47,124,1
4.5,1,3,38.9,2,3,0.75,3,9.9,0.68,171,0
38.2,2,1,9.7,3,5,0.84,1,11.0,0.72,138,0
6.1,1,1,19.6,1,4,0.73,3,9.9,0.3,322,0
7.0,1,0,35.9,0,5,0.82,2,4.9,0.54,749,0
6.1,2,3,15.2,3,3,0.86,0,9.3,0.3,124,0
2.5,0,0,5.5,3,1,0.73,2,18.6,0.4,662,0
11.4,2,1,70.7,2,3,0.9,2,3.8,0.62,58,0
8.9,3,1,75.0,1,2,0.9,2,19.1,0.82,321,0
10.0,2,1,26.7,4,5,0.76,2,15.8,0.37,49,0
14.9,2,1,2.4,0,2,0.98,3,11.4,0.33,117,0
5.5,3,3,24.2,2,3,0.66,0,-10.3,0.51,627,1
7.3,1,0,78.7,2,4,0.87,2,7.0,0.42,386,0
4.6,1,0,53.5,4,4,0.91,1,2.4,0.09,414,0
29.1,2,1,18.0,2,6,0.71,3,-3.8,0.49,76,1
4.5,1,2,25.3,3,3,0.73,1,14.0,0.68,134,0
3.1,1,3,10.1,2,1,0.66,3,18.3,0.55,218,0
19.6,1,1,5.6,2,5,0.78,3,2.1,0.29,127,0
2.4,1,0,24.9,2,1,0.95,3,10.6,0.9,30,0
1.5,3,0,69.7,2,4,0.84,2,14.8,0.11,100,0
12.2,1,0,7.8,0,3,0.84,3,1.4,0.17,127,0
2.1,2,0,59.7,2,5,0.98,3,2.1,0.23,22,0
20.9,2,0,14.7,1,7,0.63,9,13.6,0.37,162,1
2.4,2,3,7.4,2,3,0.84,2,8.0,0.23,56,0
2.6,0,3,27.6,3,7,0.61,3,-2.5,0.41,267,1
24.2,0,1,104.9,4,2,0.9,1,6.0,0.22,212,0
11.3,0,1,7.7,0,2,0.78,1,12.7,0.56,106,0
9.4,3,2,8.9,2,1,0.92,0,9.7,0.42,260,0
22.3,0,0,1.6,1,2,0.93,6,8.6,0.16,173,0
16.2,1,1,53.8,1,5,0.81,0,13.7,0.7,355,0
40.0,1,0,87.9,2,5,0.76,1,11.4,0.11,143,0
9.0,2,3,119.9,1,3,0.6,4,-1.4,0.18,343,1
31.1,0,1,30.0,2,3,0.72,1,15.7,0.91,979,0
20.8,2,1,32.3,3,4,0.91,2,2.5,0.63,30,0
7.5,2,2,13.1,1,3,0.7,2,6.9,0.31,25,0
5.2,1,1,9.3,1,1,0.51,2,9.2,0.48,784,0
11.6,1,3,112.2,2,3,0.62,2,26.4,0.69,39,0
26.3,1,1,19.6,4,1,0.8,3,-4.8,0.47,76,1
3.9,1,1,87.6,3,4,0.95,1,9.1,0.3,266,0
14.4,1,1,72.0,0,3,0.74,7,5.9,0.08,223,0
5.6,0,3,2.4,1,6,0.72,1,-3.2,0.48,151,1
2.4,2,1,22.7,2,2,0.75,3,0.1,0.24,116,0
5.9,2,3,27.9,2,5,0.77,1,12.2,0.75,238,0
1.7,2,0,23.9,2,3,0.98,1,7.0,0.65,113,0
11.3,2,0,45.5,1,2,0.78,4,-10.3,0.7,43,1
23.6,2,1,4.4,2,3,0.67,2,-7.9,0.82,205,1
7.9,1,3,61.6,4,2,0.93,0,-1.2,0.76,40,1
18.1,2,3,74.7,2,2,0.9,1,10.7,0.78,81,0
14.3,2,2,48.9,1,4,0.84,3,-0.4,0.23,114,1
1.4,3,3,30.9,2,4,0.95,4,18.2,0.1,120,0
2.2,2,0,27.3,2,2,0.94,3,7.4,0.93,255,0
25.5,1,0,11.0,1,5,0.73,1,11.1,0.72,76,0
6.0,1,2,133.8,0,2,0.75,3,7.5,0.67,52,0
24.1,3,0,13.7,1,6,0.5,5,10.4,0.75,82,1
20.7,1,1,12.2,1,4,0.49,1,-9.6,0.46,163,1
12.5,3,2,21.9,0,4,0.84,2,-4.4,0.32,49,1
8.7,3,1,12.5,1,4,0.9,2,6.5,0.62,50,0
1.0,1,1,20.9,1,3,0.92,5,-3.6,0.41,413,1
1.7,2,2,42.7,0,4,0.9,7,3.0,0.22,106,0
4.5,1,3,21.0,1,6,0.92,1,8.3,0.35,126,0
12.4,1,1,4.2,1,1,0.59,1,14.7,0.34,82,0
28.4,1,0,33.4,2,1,0.81,5,3.3,0.57,27,0
6.8,1,2,7.0,1,3,0.71,2,7.6,0.68,89,0
11.4,1,2,1.8,1,1,0.96,3,1.4,0.78,223,0
26.4,1,2,37.3,1,3,0.95,1,-2.7,0.48,30,1
16.3,2,3,19.9,1,1,0.77,3,5.3,0.58,80,0
14.5,3,0,45.6,4,11,0.7,3,7.0,0.51,90,1
9.8,2,1,35.1,0,5,0.77,5,8.8,0.33,195,0
8.7,1,1,2.3,1,3,0.91,3,10.1,0.27,50,0
9.2,1,2,15.0,2,4,0.53,5,-6.6,0.55,613,1
6.4,1,2,4.2,1,4,0.84,0,9.2,0.52,387,0
2.8,1,1,6.4,2,2,0.81,2,6.1,0.52,89,0
3.4,2,0,81.8,0,2,0.83,2,3.3,0.35,282,0
8.9,1,1,6.4,6,6,0.82,4,2.3,0.07,210,0
17.7,0,0,13.0,0,7,0.98,2,-3.8,0.5,329,1
4.7,1,3,41.0,2,7,0.87,2,3.1,0.77,105,0
2.8,0,3,3.5,1,5,0.81,6,11.1,0.78,43,0
1.8,1,1,24.4,4,2,0.58,3,-0.8,0.9,48,1
1.3,0,1,80.9,1,2,0.93,2,-8.1,0.73,29,1
35.9,2,1,110.0,3,4,0.83,0,0.9,0.34,198,1
4.2,1,3,27.2,2,0,0.85,3,-4.6,0.13,149,1
19.2,0,0,5.6,2,4,0.8,0,9.8,0.16,256,0
4.1,0,3,4.3,0,2,0.86,4,10.0,0.55,362,0
25.0,1,1,18.3,0,6,0.87,2,21.9,0.53,209,0
2.5,3,3,1.5,1,1,0.72,2,10.0,0.52,134,0
27.4,0,1,116.0,3,1,0.95,6,-5.5,0.34,38,1
2.4,3,2,9.7,2,6,0.89,2,13.0,0.94,286,0
8.9,2,0,29.1,0,2,0.8,3,1.9,0.77,47,0
5.2,1,0,21.8,3,3,0.87,4,12.5,0.11,439,0
14.1,3,1,14.9,1,6,0.76,2,9.7,0.78,274,0
3.4,1,3,46.2,1,3,0.85,6,8.6,0.33,253,0
12.6,1,0,37.2,3,3,0.94,1,0.2,0.86,127,0
33.8,1,2,63.1,2,5,0.82,4,-0.7,0.93,480,1
26.0,2,0,89.9,3,4,0.79,2,9.0,0.27,37,0
3.3,3,1,50.0,2,8,0.88,2,18.1,0.47,41,0
8.6,1,3,165.8,5,2,0.63,1,7.8,0.46,264,0
29.1,1,1,12.7,0,4,0.74,1,10.8,0.16,440,0
21.6,0,1,129.3,1,2,0.91,1,0.5,0.59,551,1
16.9,3,3,54.7,2,2,0.94,2,2.0,0.71,402,0
16.8,0,1,97.3,3,2,0.95,7,21.2,0.37,434,0
29.7,2,2,2.4,1,2,0.76,2,23.7,0.16,29,0
9.4,0,1,37.9,0,6,0.97,4,27.8,0.79,645,0
4.7,3,0,50.5,1,4,0.87,3,7.1,0.85,204,1
9.6,1,2,13.2,3,4,0.88,3,10.5,0.63,474,0
3.4,2,3,68.7,1,3,0.92,1,23.1,0.6,365,0
50.6,1,3,4.0,1,2,0.94,5,5.9,0.6,313,0
9.5,2,2,9.2,2,1,0.95,6,-6.9,0.18,170,0
7.5,2,0,1.3,1,3,0.75,3,7.8,0.64,92,0
12.0,3,2,133.1,3,2,0.88,6,1.1,0.41,341,1
6.4,0,1,55.8,0,6,0.94,2,1.3,0.27,491,0
5.8,0,2,44.0,4,1,0.78,5,14.2,0.19,425,0
13.3,0,0,83.2,1,3,0.65,1,0.2,0.2,51,1
23.0,0,1,48.2,0,3,0.85,4,7.4,0.79,203,0
3.5,1,1,10.0,1,4,0.85,2,4.7,0.53,190,0
2.2,3,1,35.5,4,5,0.94,2,-21.2,0.78,86,1
5.0,1,0,4.8,2,3,0.94,2,19.1,0.65,76,0
13.1,1,0,64.6,3,2,0.92,4,7.6,0.11,176,0
1.3,1,0,8.8,1,2,0.57,1,4.1,0.65,81,0
21.1,1,2,20.9,1,2,0.92,1,-20.7,0.65,87,1
1.4,2,3,18.5,3,3,0.61,3,-1.7,0.46,403,1
14.3,2,0,22.2,4,5,0.71,0,2.3,0.68,260,0
3.9,1,0,4.4,3,3,0.71,3,1.6,0.66,351,0
3.7,1,3,6.3,2,3,0.82,4,3.6,0.56,53,0
8.1,1,1,22.3,4,2,0.82,1,2.0,0.53,107,0
13.8,1,3,45.5,4,1,0.8,2,2.4,0.53,48,0
8.6,1,2,81.4,2,2,0.94,1,8.7,0.16,101,0
21.0,0,0,28.6,0,5,0.84,3,7.9,0.81,100,0
3.2,1,1,36.3,2,2,0.81,4,9.4,0.79,131,0
8.1,2,1,55.9,0,2,0.84,6,-7.6,0.43,842,1
6.4,2,1,23.1,0,5,0.72,0,11.7,0.09,528,0
13.1,0,0,30.2,0,4,0.95,0,7.8,0.68,144,0
2.9,0,3,17.9,3,3,0.4,3,9.4,0.32,49,0
1.6,1,3,111.4,1,2,0.79,3,7.0,0.74,127,0
17.0,1,1,178.1,1,2,0.84,4,28.5,0.44,43,0
6.2,1,3,38.9,1,5,0.82,5,15.7,0.54,511,0
10.1,1,0,36.5,2,1,0.7,2,13.1,0.9,39,0
30.9,3,1,1.6,2,1,0.91,5,11.1,0.55,94,0
4.3,0,2,54.5,1,4,0.96,1,0.6,0.68,387,1
7.0,0,0,14.0,1,1,0.85,5,10.2,0.3,222,0
13.4,2,3,11.7,2,4,0.66,4,1.6,0.15,214,1
5.2,3,0,25.8,3,4,0.91,1,8.5,0.94,273,0
1.1,1,1,28.7,0,1,0.82,3,3.6,0.86,78,0
18.5,0,3,1.5,2,3,0.91,1,2.7,0.27,574,0
3.2,1,3,35.4,1,4,0.94,0,-3.4,0.76,149,1
33.3,2,1,7.2,1,3,0.63,3,4.7,0.86,310,0
8.5,1,3,24.9,3,4,0.94,3,-2.0,0.26,117,1
24.9,1,0,46.4,2,1,0.84,3,12.2,0.9,208,0
18.8,0,3,146.9,4,3,0.89,3,4.9,0.14,128,0
19.0,1,3,4.3,1,4,0.38,1,1.5,0.16,117,0
5.5,0,0,44.3,1,1,0.69,5,15.0,0.9,433,0
44.3,2,0,31.3,1,5,0.77,4,-5.5,0.66,96,1
4.0,1,0,42.3,1,3,0.89,2,-5.4,0.63,25,1
3.6,1,2,11.6,3,4,0.8,4,13.0,0.11,241,0
16.1,2,1,19.9,1,8,0.9,0,3.6,0.47,56,0
34.3,1,3,10.3,0,5,0.78,2,7.5,0.89,173,0
6.2,1,0,6.1,1,1,0.68,2,12.1,0.11,100,0
16.4,0,0,36.3,1,4,0.64,5,9.3,0.08,106,0
5.4,3,0,36.1,1,1,0.88,4,11.7,0.51,109,0
13.6,1,1,15.9,0,3,0.79,2,2.4,0.62,158,0
4.7,1,3,15.0,2,4,0.94,4,17.5,0.36,165,0
18.1,1,1,67.7,3,2,0.96,2,12.2,0.47,389,0
1.2,1,3,11.4,1,1,0.85,5,-2.5,0.46,131,1
15.0,2,1,2.0,0,3,0.74,1,6.4,0.23,399,0
12.1,1,1,9.2,4,3,0.8,3,3.4,0.21,174,0
10.7,1,1,14.4,2,4,0.92,1,17.2,0.55,283,0
21.2,1,0,8.6,2,3,0.73,2,7.7,0.89,48,0
5.2,0,1,166.3,1,3,0.83,3,32.3,0.11,635,0
8.6,0,1,73.9,2,3,0.78,2,-0.7,0.88,199,1
20.6,2,2,40.4,2,4,0.9,3,2.4,0.63,189,0
4.2,2,1,1.4,3,3,0.61,2,4.8,0.83,286,0
18.1,1,1,80.3,3,5,0.72,3,7.8,0.22,102,0
14.3,2,1,37.0,2,0,0.57,2,8.6,0.87,207,0
5.8,0,0,30.0,2,3,0.57,6,5.5,0.59,163,0
32.8,0,1,15.1,5,1,0.62,2,-10.0,0.71,102,1
76.5,1,1,67.9,2,3,0.6,2,-2.7,0.41,84,1
6.8,0,1,50.1,1,1,0.83,3,-6.4,0.94,72,1
4.5,1,2,28.1,0,1,0.78,4,14.1,0.6,111,0
16.5,2,1,11.5,1,3,0.64,0,13.7,0.18,436,0
14.1,3,1,33.4,1,0,0.78,4,-4.2,0.4,34,1
13.0,1,1,3.5,0,1,0.83,5,-12.1,0.29,26,1
14.3,3,3,31.8,0,6,0.75,2,14.7,0.54,194,0
2.8,1,0,25.4,2,3,0.87,3,-3.0,0.17,198,1
2.4,1,2,25.4,4,3,0.86,2,7.4,0.09,517,0
1.8,1,3,107.2,2,4,0.89,3,8.6,0.36,74,0
5.3,1,0,171.6,4,4,0.9,1,9.8,0.44,121,0
3.2,1,3,5.9,1,4,0.81,4,11.8,0.66,68,0
4.6,0,0,192.4,1,5,0.87,1,13.9,0.18,359,0
2.8,1,1,68.6,1,3,0.63,1,13.0,0.09,760,0
4.8,1,0,33.7,0,1,0.56,1,-3.8,0.18,115,1
14.3,1,3,16.7,4,4,0.77,3,-15.6,0.53,246,1
5.0,1,1,22.6,1,2,0.69,2,7.4,0.53,52,0
25.1,0,0,43.6,1,2,0.65,2,-2.8,0.62,78,1
23.4,1,1,81.0,4,3,0.76,4,15.1,0.94,66,0
4.7,1,0,30.4,1,2,0.71,1,-0.7,0.64,367,1
2.7,0,2,53.5,2,3,0.79,3,-2.3,0.88,104,1
9.2,1,3,3.4,1,4,0.81,1,-6.0,0.7,20,1
19.2,2,1,79.0,2,0,0.9,4,2.4,0.35,53,0
26.3,0,2,21.4,3,7,0.94,0,15.6,0.53,38,0
4.2,1,2,2.9,1,4,0.96,9,5.3,0.07,312,0
8.0,2,0,132.1,1,0,0.83,4,10.0,0.38,93,0
10.2,1,3,3.6,4,3,0.87,1,0.2,0.67,157,0
14.6,0,1,1.1,3,2,0.72,4,7.3,0.87,120,0
23.7,1,1,67.9,0,4,0.78,3,-1.4,0.65,90,1
1.9,0,0,40.1,1,4,0.74,3,17.1,0.9,232,0
5.9,1,3,56.3,0,3,0.95,0,11.7,0.24,32,0
13.3,2,1,20.6,5,1,0.84,3,-7.6,0.68,149,1
10.6,3,3,31.5,0,3,0.77,1,4.7,0.07,51,0
22.6,0,3,24.1,1,2,1.0,2,10.6,0.29,129,0
16.3,1,2,18.8,2,5,0.89,3,5.6,0.31,217,0
9.2,1,1,9.0,1,3,0.89,2,15.7,0.67,272,0
24.7,0,0,56.3,3,2,0.66,1,14.3,0.7,107,0
4.7,0,3,5.0,1,6,0.93,1,-5.2,0.25,201,1
9.7,0,0,1.2,2,4,0.84,3,17.8,0.4,69,0
10.1,0,3,38.8,3,4,0.64,6,8.2,0.41,352,1
20.3,2,1,57.0,0,3,0.85,6,8.6,0.39,170,0
17.4,2,1,14.1,5,2,0.61,5,6.6,0.76,1001,0
13.4,1,3,12.0,1,2,0.89,2,8.3,0.77,33,0
8.4,2,0,10.0,3,2,0.64,4,21.0,0.87,292,0
4.5,1,1,4.7,4,8,0.52,6,11.1,0.68,353,1
3.2,2,0,77.8,3,3,0.56,4,1.2,0.73,118,1
19.0,2,1,4.1,1,0,0.81,2,-2.8,0.5,96,1
3.7,3,3,30.4,1,3,0.74,4,-0.5,0.23,28,1
52.0,2,1,20.8,1,2,0.81,3,7.2,0.81,128,0
7.7,3,3,1.8,1,2,0.83,4,17.5,0.46,154,0
1.5,1,3,10.2,1,2,0.91,0,2.3,0.57,37,0
3.1,2,2,5.7,0,2,0.86,1,-3.2,0.9,70,1
2.2,1,1,36.5,2,4,0.91,2,16.0,0.83,89,0
8.4,0,3,5.3,3,2,0.66,2,13.6,0.7,63,0
29.9,0,3,6.1,0,2,0.93,2,-4.2,0.11,72,1
4.0,0,3,11.1,3,1,0.6,2,5.3,0.14,445,0
12.6,1,1,23.0,1,3,0.95,3,13.9,0.33,28,0
9.5,0,2,3.9,5,3,0.93,5,4.9,0.22,23,0
19.0,1,0,7.7,3,4,0.89,2,7.0,0.61,118,0
4.7,0,0,2.0,1,3,0.84,5,6.5,0.5,725,0
5.2,1,1,28.1,2,2,0.52,2,6.6,0.31,244,0
26.5,1,1,21.3,2,2,0.7,3,-0.9,0.94,166,1
21.2,1,3,28.0,2,5,0.84,1,15.7,0.3,113,0
1.1,1,2,12.1,2,3,0.78,2,26.1,0.72,338,0
9.7,1,0,34.2,1,4,0.72,1,7.7,0.85,352,0
8.4,1,0,46.4,1,2,0.78,0,6.3,0.75,367,0
18.5,0,1,14.3,2,6,0.56,5,8.4,0.09,583,0
27.9,1,1,34.7,1,3,0.82,3,18.7,0.16,165,0
6.7,3,1,41.8,0,2,0.87,7,-0.2,0.8,69,1
1.4,1,2,39.5,5,1,0.88,3,7.7,0.22,85,0
4.1,1,0,17.2,2,1,0.94,2,13.4,0.56,108,0
4.5,1,3,121.3,1,2,0.95,5,17.1,0.1,341,0
1.4,0,0,41.4,2,2,0.68,1,-13.8,0.43,536,1
6.2,3,1,67.0,1,3,0.64,0,5.2,0.24,44,1
4.7,1,3,92.5,1,7,0.92,2,4.0,0.3,52,0
13.9,0,1,13.1,3,3,0.89,8,0.7,0.34,98,0
21.0,1,2,84.8,0,0,0.75,3,-4.9,0.23,182,1
14.1,1,3,65.9,2,2,0.86,6,24.7,0.55,202,0
4.0,2,1,5.4,1,3,0.84,3,19.9,0.44,134,0
27.3,2,1,108.5,2,2,0.89,3,12.7,0.73,190,0
6.2,2,1,79.8,2,5,0.6,0,7.6,0.45,246,1
77.4,1,3,3.5,2,2,0.84,2,1.6,0.18,222,0
26.0,0,0,97.2,2,4,0.86,0,3.1,0.51,241,1
8.8,2,0,13.9,1,2,0.9,2,3.4,0.07,25,0
29.0,0,1,79.7,3,1,0.94,0,13.4,0.81,30,0
19.2,2,2,23.6,1,1,0.89,2,19.4,0.54,101,0
6.9,2,1,4.5,1,3,0.94,4,8.4,0.7,45,0
8.2,1,1,7.4,1,3,0.85,1,10.8,0.3,84,0
9.3,2,1,13.3,1,2,0.85,1,12.7,0.58,101,0
14.7,1,3,8.2,2,2,0.58,2,4.7,0.22,152,0
10.1,1,3,3.2,4,4,0.95,4,3.7,0.35,86,0
14.2,1,3,19.5,1,2,0.95,4,11.5,0.47,137,0
1.5,0,2,38.2,2,3,0.92,3,12.7,0.87,227,0
32.6,0,0,6.5,3,2,0.85,1,4.2,0.17,192,0
43.2,3,0,29.5,4,0,0.86,4,21.4,0.24,196,0
22.9,1,2,30.7,3,7,0.92,2,6.4,0.87,318,0
3.4,1,3,28.4,4,7,0.79,1,10.2,0.49,73,0
8.7,2,2,5.9,1,5,0.46,1,15.1,0.11,36,0
14.9,1,3,71.9,5,3,0.63,3,5.7,0.34,483,0
6.3,1,1,68.4,5,2,0.68,0,12.6,0.22,106,0
30.8,2,0,17.8,2,2,0.93,2,8.0,0.14,495,0
12.3,1,1,25.5,2,2,0.8,1,2.9,0.79,220,0
16.5,3,3,13.6,1,3,0.88,3,-4.0,0.7,640,1
4.9,1,3,6.7,3,2,0.77,1,16.2,0.6,172,0
4.4,2,1,40.9,1,0,0.71,2,17.3,0.4,442,0
1.0,1,2,80.3,2,2,0.81,2,-3.8,0.7,119,1
11.6,1,2,46.1,1,4,0.85,4,-5.5,0.69,137,1
17.4,3,3,26.7,2,5,0.61,1,6.0,0.77,109,0
3.1,1,1,3.8,2,3,0.77,2,7.5,0.48,36,0
10.1,0,1,3.8,1,4,0.72,2,1.9,0.62,105,1
1.7,2,3,14.3,2,4,0.61,1,2.2,0.87,182,0
18.9,0,2,33.4,1,3,0.67,3,-1.1,0.81,376,1
10.6,1,3,75.1,4,6,0.86,5,9.5,0.53,41,0
6.7,1,0,22.2,0,3,0.91,2,-2.1,0.58,235,0
4.5,1,1,3.8,2,7,0.83,3,-8.5,0.94,56,1
1.2,0,3,43.1,2,4,0.71,1,12.8,0.47,63,0
5.5,1,0,46.1,3,0,0.86,4,1.8,0.73,658,0
17.1,2,0,10.7,1,2,0.82,0,23.0,0.17,178,0
5.3,1,3,23.2,3,1,0.67,3,-10.0,0.89,91,1
12.4,2,0,76.4,1,2,0.87,4,1.8,0.25,60,0
3.2,2,0,19.7,0,4,0.88,3,5.5,0.46,20,0
12.6,2,3,14.7,0,3,0.92,1,13.7,0.23,104,0
17.7,0,1,6.9,4,4,0.78,1,1.7,0.45,159,1
4.2,0,1,15.5,0,2,0.86,2,7.4,0.66,64,0
1.0,1,0,21.1,0,4,0.94,0,7.4,0.1,179,0
6.0,2,3,56.9,0,6,0.78,3,0.5,0.33,191,0
16.3,3,3,86.0,3,3,0.61,2,4.8,0.42,121,0
1.1,2,0,77.5,1,5,0.75,4,-2.7,0.76,46,1
6.3,1,3,36.6,2,1,0.65,4,-1.4,0.08,28,1
12.4,1,0,29.4,1,6,0.77,2,22.7,0.93,246,0
13.2,3,2,97.3,3,3,0.63,1,-4.7,0.56,140,1
106.1,2,1,43.6,1,4,0.89,5,13.7,0.71,173,0
16.0,3,0,39.8,2,5,0.69,0,-3.2,0.07,94,1
22.4,1,2,21.4,2,1,0.8,3,7.1,0.54,755,0
5.9,1,1,50.5,1,2,0.89,2,8.8,0.13,102,0
10.3,2,3,5.6,1,1,0.94,2,-0.2,0.13,166,0
26.9,1,1,10.9,1,4,0.94,3,6.6,0.48,163,0
24.2,2,3,125.6,3,4,0.81,5,9.0,0.07,625,0
17.6,2,0,23.4,4,2,0.92,0,-4.8,0.32,177,1
5.3,1,3,39.2,0,5,0.58,3,13.4,0.55,193,0
15.0,2,3,9.5,3,0,0.78,0,15.3,0.94,89,0
3.6,2,1,69.6,1,6,0.95,2,12.2,0.74,289,0
5.7,0,0,32.3,2,4,0.71,3,-0.3,0.65,50,1
7.0,0,3,9.2,2,0,0.76,3,-7.5,0.7,28,1
54.6,1,0,46.0,3,0,0.8,1,-4.8,0.21,96,1
13.3,1,2,91.0,1,3,0.68,6,3.5,0.3,112,0
26.5,2,1,28.6,2,1,0.86,3,10.4,0.87,322,0
1.6,1,1,14.8,0,6,0.82,3,3.2,0.52,78,0
1.9,2,0,11.9,3,2,0.97,3,-5.9,0.79,443,1
2.3,1,3,24.3,1,3,0.91,4,7.9,0.81,49,0
9.7,0,3,0.7,1,4,0.83,1,13.3,0.61,807,0
9.8,0,1,34.2,1,2,0.87,3,6.2,0.52,24,0
20.4,1,1,18.3,1,8,0.88,2,-6.5,0.22,227,1
19.5,1,0,19.0,4,4,0.89,1,5.5,0.46,115,0
23.9,0,3,95.4,3,2,0.9,1,2.5,0.81,250,0
16.2,3,0,29.1,3,5,0.66,2,-9.4,0.92,85,1
6.0,2,0,14.6,1,1,0.93,0,7.1,0.9,368,0
4.7,1,0,6.6,4,2,0.66,2,13.2,0.53,286,0
4.2,2,2,15.4,1,3,0.8,1,6.9,0.14,49,0
15.0,1,0,85.0,0,3,0.83,3,11.8,0.29,22,0
2.3,2,1,66.3,1,3,0.79,4,8.7,0.25,335,0
12.7,0,1,26.2,1,5,0.7,5,-19.6,0.18,268,1
21.8,1,3,31.8,3,3,0.85,4,11.3,0.1,213,0
21.3,3,3,46.3,1,2,0.46,4,6.9,0.72,573,0
10.9,2,0,69.5,2,2,0.68,3,16.7,0.45,82,0
31.3,2,0,26.4,2,0,0.62,4,-6.5,0.11,168,1
4.0,2,1,10.9,1,3,0.81,2,13.8,0.56,258,0
4.5,1,0,32.4,5,2,0.64,1,16.7,0.74,91,0
6.8,1,1,71.8,2,5,0.81,2,12.1,0.2,83,0
31.4,2,2,22.4,2,2,0.88,2,3.7,0.33,188,0
26.2,2,2,31.2,2,3,0.88,3,3.4,0.11,118,0
3.4,0,1,0.6,1,7,0.75,7,4.0,0.78,23,0
3.0,0,0,60.3,2,2,0.48,2,-7.6,0.85,74,1
35.6,2,0,24.1,3,2,0.82,2,11.9,0.14,247,0
4.7,2,1,36.9,1,2,0.9,3,-7.4,0.12,221,1
39.8,2,1,6.9,4,3,0.75,2,3.3,0.62,114,0
8.8,2,3,23.2,1,3,0.79,2,9.0,0.52,340,0
7.3,1,3,22.3,0,4,0.86,4,7.9,0.3,34,0
5.1,1,3,28.2,1,6,0.77,1,1.2,0.53,28,1
1.6,1,3,16.7,1,2,0.71,1,-6.5,0.15,114,1
1.6,3,1,1.0,2,3,0.62,0,6.1,0.12,39,1
7.8,2,1,62.3,1,0,0.91,2,5.4,0.82,67,0
7.6,1,3,41.1,3,5,0.57,4,16.0,0.36,281,0
6.0,2,2,8.9,4,6,0.88,3,-8.9,0.88,131,1
49.7,1,0,31.3,2,3,0.85,2,8.6,0.59,112,0
1.4,1,0,16.5,3,1,0.61,3,-0.2,0.44,114,1
7.0,1,0,2.6,5,2,0.63,4,-10.5,0.05,99,1
5.3,0,0,143.0,1,2,0.76,2,0.5,0.3,544,1
5.5,1,1,3.4,2,2,0.55,4,6.3,0.26,479,0
2.1,1,0,41.8,4,2,0.89,6,9.0,0.51,335,0
1.6,1,0,35.1,2,3,0.85,1,6.9,0.08,56,0
2.0,1,2,7.8,1,2,0.9,0,17.1,0.15,82,0
7.7,1,1,5.6,2,3,0.86,5,-8.1,0.43,105,1
8.2,1,2,0.6,1,4,0.87,4,7.0,0.42,194,0
17.7,1,3,100.7,2,0,0.84,2,17.6,0.51,155,0
5.9,3,1,18.8,4,1,0.8,2,7.0,0.15,415,0
21.2,0,1,10.7,1,4,0.83,3,12.8,0.85,165,0
3.1,0,1,3.1,5,2,0.79,1,1.5,0.18,66,0
4.8,0,0,6.8,5,6,0.86,0,6.1,0.61,186,0
35.7,1,1,28.8,3,2,0.63,2,-7.9,0.84,67,1
1.3,1,3,17.5,4,3,0.81,5,-4.6,0.87,208,1
24.9,0,3,16.8,1,8,0.73,2,-4.6,0.65,265,1
8.4,1,3,21.2,3,3,0.85,4,-3.7,0.23,255,1
37.6,0,3,12.4,3,2,0.74,3,3.0,0.64,218,0
1.9,1,1,13.2,1,4,0.84,1,4.2,0.18,896,0
5.3,1,2,55.7,1,4,0.85,2,15.8,0.36,71,0
10.3,1,3,7.2,2,4,0.85,2,17.9,0.79,67,0
14.2,1,3,7.4,3,2,0.88,4,2.7,0.39,44,0
4.0,1,0,76.1,0,6,0.82,2,5.0,0.57,183,0
1.9,0,1,8.7,3,2,0.77,5,9.1,0.94,86,0
17.5,2,1,13.0,2,2,0.98,1,4.1,0.61,106,0
1.2,0,1,39.2,2,0,0.75,2,11.6,0.19,27,0
1.5,3,3,18.6,4,5,0.77,3,-5.0,0.26,404,1
32.1,1,1,21.0,2,3,0.86,1,5.0,0.56,136,0
3.3,2,2,74.3,3,7,0.55,0,7.2,0.67,84,1
38.4,1,0,23.8,3,3,0.54,0,13.4,0.57,49,0
3.8,1,2,2.9,2,2,0.36,3,16.4,0.16,743,0
7.2,1,3,8.6,1,4,0.82,3,13.9,0.4,63,0
30.6,2,1,7.5,2,2,0.97,2,0.4,0.32,168,0
6.1,2,1,69.2,2,2,0.85,0,-1.2,0.88,526,1
2.6,1,1,8.6,3,2,0.94,3,8.1,0.27,588,0
32.7,1,3,3.9,0,1,0.78,1,12.8,0.89,190,0
2.9,0,3,28.9,1,3,0.77,4,8.3,0.22,98,0
44.0,2,3,18.5,1,4,0.85,2,9.9,0.78,74,0
29.4,0,3,21.1,1,3,0.98,2,11.6,0.09,538,0
2.8,2,1,14.3,3,3,0.95,1,7.2,0.45,619,0
6.6,2,0,200.1,2,3,0.62,0,13.6,0.49,77,1
14.3,1,2,34.1,0,1,0.67,3,1.7,0.15,98,0
18.3,2,1,17.0,2,1,0.98,3,17.3,0.07,208,0
6.7,1,2,15.0,3,6,0.81,2,7.2,0.8,138,0
3.9,1,3,45.6,3,8,0.87,0,0.9,0.84,405,0
2.2,0,0,11.3,0,3,0.92,1,2.9,0.1,193,0
3.8,1,2,33.1,1,3,0.67,0,6.5,0.19,166,0
8.2,1,1,40.4,1,6,0.84,0,9.0,0.73,27,0
5.9,0,3,22.3,5,4,0.8,2,12.8,0.89,162,0
1.0,1,2,14.9,3,4,0.9,4,8.9,0.13,180,0
8.2,2,1,3.0,1,2,0.93,5,-8.0,0.55,587,1
2.1,1,2,41.3,0,4,0.82,2,13.9,0.65,47,0
3.8,1,3,40.7,3,5,0.91,3,5.2,0.6,540,0
4.3,1,0,83.0,0,0,0.7,5,10.7,0.66,49,0
12.0,1,1,66.1,2,2,0.88,4,18.1,0.79,63,0
3.7,1,3,6.0,5,4,0.63,1,0.2,0.5,386,0
12.5,1,3,33.7,6,2,0.91,4,1.6,0.3,269,0
14.8,1,1,95.4,2,4,0.8,4,2.2,0.68,25,0
23.4,1,1,58.8,3,6,0.86,2,3.8,0.84,105,0
6.6,0,3,52.1,1,2,0.68,3,18.3,0.42,28,0
19.9,0,0,12.8,0,2,0.85,4,15.1,0.33,23,0
20.7,0,1,87.4,2,7,0.66,2,-6.3,0.85,189,1
4.2,0,1,23.2,3,4,0.94,3,6.8,0.5,77,0
1.6,1,1,28.1,0,5,0.82,4,10.8,0.91,61,0
12.6,1,3,1.6,4,2,0.89,3,1.9,0.88,68,0
26.7,1,2,78.6,6,2,0.81,1,2.5,0.68,205,0
16.5,2,0,42.0,1,1,0.94,1,7.1,0.21,377,0
26.9,2,0,80.5,1,4,0.65,5,1.5,0.63,205,1
19.0,3,1,19.3,4,4,0.7,2,11.7,0.08,156,0
4.4,0,0,84.4,1,5,0.82,2,5.6,0.5,76,0
5.0,2,3,13.9,6,7,1.0,3,-10.0,0.31,34,1
14.7,1,3,45.4,2,3,0.98,1,4.1,0.81,177,0
6.1,1,3,4.4,1,3,0.63,1,15.2,0.82,57,0
11.8,1,1,12.0,1,2,0.6,2,13.1,0.54,47,0
3.1,2,1,11.1,4,7,0.79,2,14.0,0.78,50,0
36.1,1,3,6.3,2,5,0.62,3,6.7,0.77,154,0
31.7,1,1,30.3,1,6,0.63,1,-2.8,0.71,220,1
1.8,0,1,44.3,2,4,0.8,0,15.4,0.89,21,0
26.4,1,1,9.5,3,4,0.76,3,-6.1,0.6,187,1
4.7,1,1,22.1,0,2,0.87,3,8.1,0.35,626,0
21.4,1,0,12.3,0,4,0.47,3,5.5,0.1,127,0
4.3,1,0,29.2,4,3,0.96,0,-8.9,0.35,41,1
8.4,2,3,43.3,3,1,0.8,1,10.4,0.27,124,0
20.0,2,0,106.9,4,1,0.82,1,-14.1,0.68,146,1
11.0,2,0,1.0,1,2,0.79,2,30.3,0.37,211,0
10.4,1,2,23.1,4,3,0.82,0,21.7,0.41,84,0
3.5,3,1,5.4,0,6,0.43,4,-0.0,0.61,56,1
1.7,3,2,96.6,4,3,0.49,5,8.8,0.6,45,1
21.2,1,1,10.2,4,9,0.86,4,12.5,0.69,50,0
15.9,0,2,15.1,0,3,0.8,2,14.5,0.16,308,0
5.3,2,1,42.0,4,3,0.9,0,-7.7,0.89,77,1
6.6,2,1,82.8,1,2,0.88,7,10.7,0.37,80,0
3.3,1,1,32.4,3,0,0.85,6,-1.0,0.88,579,1
9.3,3,3,43.4,3,3,0.86,5,-6.6,0.82,76,1
5.6,0,3,57.6,0,2,0.73,0,-15.7,0.67,68,1
3.3,2,2,50.7,1,3,0.95,3,12.6,0.65,168,0
29.3,1,2,11.7,8,2,0.76,6,5.1,0.69,112,0
5.7,0,0,9.0,3,2,0.79,5,7.1,0.57,174,0
4.9,2,3,12.7,1,4,0.9,1,8.7,0.38,465,0
17.6,2,0,61.2,5,5,0.81,1,6.7,0.7,71,0
13.8,1,0,64.3,1,3,0.62,3,12.2,0.32,110,0
37.9,0,3,2.4,2,9,0.87,2,20.4,0.17,106,0
10.9,2,0,5.6,2,6,0.89,1,10.1,0.22,485,0
6.5,0,3,22.5,1,4,0.86,6,0.5,0.85,55,0
5.0,1,1,34.0,1,2,0.74,5,1.3,0.5,240,0
16.0,1,2,108.4,0,3,0.7,3,0.6,0.41,443,1
6.9,1,2,73.8,2,2,0.58,1,4.8,0.17,25,0
8.2,1,1,7.5,0,2,0.82,5,6.4,0.49,120,0
16.2,1,3,12.9,2,5,0.9,2,15.5,0.55,57,0
4.6,2,1,33.0,1,7,0.72,1,-6.1,0.31,36,1
4.2,1,0,79.9,2,4,0.65,4,3.6,0.1,329,0
35.9,2,3,19.8,2,2,0.61,0,7.6,0.24,505,0
2.0,0,3,13.0,1,4,0.78,2,2.5,0.51,334,0
11.6,1,1,68.7,1,4,0.85,2,21.2,0.51,314,0
1.8,2,3,20.7,1,2,0.5,1,13.9,0.69,94,0
2.4,0,2,41.2,1,1,0.77,0,-4.3,0.56,261,1
16.3,1,1,90.2,2,3,0.91,2,0.1,0.85,120,0
10.5,1,0,33.3,2,1,0.9,1,3.4,0.87,217,0
3.2,3,0,15.3,2,8,0.86,1,0.7,0.66,95,1
24.3,1,3,23.0,1,3,0.79,1,3.5,0.11,621,0
7.2,3,1,12.4,2,4,0.55,1,-4.2,0.19,64,1
31.4,2,3,25.9,0,0,0.89,3,8.5,0.46,377,0
20.9,3,0,8.6,3,3,0.83,3,4.0,0.82,612,0
3.0,2,0,117.5,3,1,0.83,3,10.1,0.34,115,0
22.0,1,1,23.1,3,4,0.36,2,12.3,0.69,78,0
50.3,1,3,13.0,2,5,0.67,1,11.8,0.28,72,0
2.9,1,3,8.3,4,7,0.85,3,7.3,0.38,246,0
16.7,1,0,22.7,2,7,0.91,2,12.9,0.63,74,0
6.0,0,3,14.8,4,5,0.76,6,19.3,0.18,121,0
18.0,2,1,3.0,1,2,0.95,3,9.3,0.8,96,0
1.1,1,3,14.2,1,4,0.87,1,9.3,0.51,48,0
15.1,1,1,5.6,2,5,0.77,1,10.1,0.79,354,0
15.8,3,0,2.9,0,1,0.85,2,6.7,0.6,750,0
22.5,1,0,9.6,3,3,0.95,3,3.0,0.79,93,0
29.6,1,1,163.3,3,1,0.6,4,22.6,0.62,308,0
52.2,2,1,22.8,0,1,0.93,3,26.4,0.89,150,0
6.0,1,0,118.6,2,2,0.79,2,-11.6,0.73,268,1
19.0,0,3,23.1,1,1,0.9,2,-13.3,0.12,147,1
11.6,1,2,3.2,2,4,0.99,4,0.3,0.23,27,1
2.6,1,3,8.9,3,5,0.78,2,6.3,0.76,333,0
7.1,0,3,31.8,0,3,0.43,3,10.9,0.81,251,0
16.8,2,0,202.2,3,2,0.66,1,9.8,0.36,22,0
9.9,0,1,33.3,3,0,0.72,4,8.4,0.37,127,0
17.2,1,2,13.1,2,2,0.81,2,-0.2,0.24,66,1
3.8,1,0,40.1,3,2,0.63,3,-1.7,0.25,53,1
19.3,2,1,33.9,1,1,0.8,4,8.7,0.29,40,0
46.1,0,0,5.9,2,2,0.72,2,-4.9,0.49,1261,1
7.0,1,3,8.8,3,4,0.9,0,4.6,0.6,54,0
22.1,1,0,22.9,3,6,0.89,3,-3.5,0.5,269,1
6.3,1,2,3.9,1,3,0.94,1,20.5,0.44,59,0
11.0,2,2,26.9,0,3,0.64,1,-8.1,0.08,387,1
12.0,1,1,60.5,1,2,0.87,4,1.6,0.84,95,1
3.1,1,1,94.2,1,5,0.77,6,5.6,0.6,240,0
1.7,1,1,1.9,0,4,0.94,6,23.4,0.19,105,0
10.4,0,3,40.1,5,1,0.65,2,12.6,0.38,109,0
6.1,2,3,88.1,1,3,0.75,2,1.4,0.67,42,1
9.3,0,2,14.0,0,4,0.65,0,8.2,0.2,28,0
